date,id,prices,price_diff,returns,market_caps,market_caps_diff,total_volumes,total_volumes_diff,open,high,low
2023-01-03,bitcoin,16674.34,58.36999999999898,0.5836999999999898,321486454934.27,1654430879.6400146,13023861027.77,3224608343.6800003,16540.69,16674.34,16540.69
2023-01-07,bitcoin,16960.23,128.13000000000102,1.28130000000001,326571439011.66,2432481790.599976,19046576249.73,4127536804.619999,16677.65,16960.23,16677.65
2023-01-11,bitcoin,17436.9,241.9900000000016,2.419900000000016,335743942932.35,4585790233.089966,21858206845.29,-3674544721.91,16950.86,17436.9,16950.86
2023-01-15,bitcoin,21019.21,1077.4300000000003,10.774300000000004,405209898132.01,22534595935.52002,49498711311.53,9984292258.349998,17996.83,21019.21,17996.83
2023-01-19,bitcoin,20726.84,-429.9399999999987,-4.299399999999987,399349603616.15,-8055541226.789978,40612056908.81,7333215572.299999,20853.23,21175.34,20726.84
2023-01-23,bitcoin,22736.66,-34.36000000000058,-0.3436000000000058,438060367560.36,-518220618.7000122,34124364415.44,-9952662388.220003,21081.67,22771.02,21081.67
2023-01-27,bitcoin,23024.75,-155.66999999999825,-1.5566999999999824,444005849172.14,-2709412176.6099854,37099702812.23,-5672834362.489998,22984.87,23180.42,22610.01
2023-01-31,bitcoin,22840.39,-957.0699999999996,-9.570699999999997,439295730927.16,-19072271098.580017,38594596831.97,155975568.3899994,23082.86,23797.46,22840.39
2023-02-03,bitcoin,23539.68,-185.4799999999996,-1.854799999999996,453565018922.55,-3818080460.200012,44735297656.7,7283233148.529999,23137.32,23725.16,23137.32
2023-02-07,bitcoin,22786.48,-159.8100000000013,-1.5981000000000132,438726385719.16,-4207589939.410034,33963650031.47,7284958606.920002,23451.58,23451.58,22786.48
2023-02-11,bitcoin,21630.13,-190.7599999999984,-1.907599999999984,417351358181.02,-3439320446.75,42389972640.45,-8771573631.900002,23294.91,23294.91,21630.13
2023-02-15,bitcoin,22220.07,412.239999999998,4.122399999999979,428649056117.73,7810184178.899963,45363697019.74,8601787473.599998,21889.43,22220.07,21779.87
2023-02-19,bitcoin,24642.79,13.970000000001164,0.1397000000000116,475529620771.95,335390603.8500366,24900444765.28,-29300262575.660004,24307.88,24642.79,23756.91
2023-02-23,bitcoin,24146.1,-271.2900000000009,-2.7129000000000087,465998918250.25,-4625007260.929993,40336608135.5,-1655346742.949997,24284.48,24786.67,24146.1
2023-02-27,bitcoin,23541.12,384.0799999999981,3.840799999999981,454284528651.5,7254288215.5,24469102669.37,1469193076.2599983,23951.11,23951.11,23157.04
2023-02-28,bitcoin,23518.12,-23.0,-0.23,454364917718.87,80389067.36999512,28832423816.48,4363321147.110001,23518.12,23634.33,23155.54
2023-03-07,bitcoin,22415.11,-6.779999999998836,-0.0677999999999883,432758824798.31,-322310268.09002686,21124920006.06,5044822085.900002,22367.43,22421.89,22348.33
2023-03-11,bitcoin,20195.23,-181.09000000000012,-1.8109000000000013,390202255053.34,-2639518331.099976,51593890225.49,11420056747.829994,22217.21,22217.21,20195.23
2023-03-15,bitcoin,24758.77,579.8100000000013,5.798100000000013,478406045309.61,11897039746.829956,70714394276.37,3915234474.409996,20521.56,24758.77,20521.56
2023-03-19,bitcoin,27107.79,-358.8899999999994,-3.588899999999994,523262280970.15,-6775938097.179993,46473651090.58,-18143964527.22,24470.88,27466.68,24470.88
2023-03-23,bitcoin,27449.25,-814.9900000000016,-8.149900000000017,530515158753.95,-15402269516.159971,35394833933.5,963905177.2300034,28186.84,28264.24,27449.25
2023-03-27,bitcoin,28048.47,378.2700000000005,3.782700000000004,542675619058.78,7714816725.470032,14450374261.06,-603380584.25,28459.74,28459.74,27595.49
2023-03-31,bitcoin,28041.12,-353.880000000001,-3.5388000000000104,542369769760.29,-6438603769.77002,22702531379.35,1604935951.8599968,27182.3,28395.0,27182.3
2023-04-03,bitcoin,28236.51,-262.4300000000003,-2.624300000000003,545181408318.22,-5768422731.170044,11682876586.81,1597495797.9399986,28516.78,28516.78,28236.51
2023-04-07,bitcoin,28042.98,-154.22000000000116,-1.5422000000000116,542601176317.44,-2808578611.090027,13079528995.14,-3428088908.67,27815.43,28197.2,27815.43
2023-04-11,bitcoin,29657.97,1306.7299999999996,13.067299999999996,574059578670.37,25490981426.169983,17475381731.25,6046351461.52,27934.44,29657.97,27934.44
2023-04-15,bitcoin,30468.41,63.38000000000102,0.6338000000000101,589051372432.55,1112353673.130005,20984067684.22,4580033989.750002,30260.94,30468.41,29904.14
2023-04-19,bitcoin,30365.9,898.4400000000023,8.984400000000024,587730212230.96,17772152330.43994,18078539248.52,1306714760.9400003,30312.16,30365.9,29467.46
2023-04-23,bitcoin,27861.64,561.4799999999996,5.614799999999995,539454716829.94,11097437365.929993,11700230849.97,-8720102683.74,28833.22,28833.22,27300.16
2023-04-27,bitcoin,28352.19,0.9699999999975262,0.0096999999999752,548638734338.37,279066939.7199707,30540034741.28,13478210755.409998,27606.58,28352.19,27511.64
2023-04-30,bitcoin,29217.94,-122.05000000000292,-1.220500000000029,565714356650.66,-2439539754.3099365,9711415138.83,-9019386400.35,29483.52,29483.52,29217.94
2023-05-03,bitcoin,28654.39,528.8899999999994,5.288899999999995,554886795897.94,10465119606.73993,17699097406.19,-2281071874.82,29362.06,29362.06,28125.5
2023-05-07,bitcoin,28887.74,-632.5799999999981,-6.325799999999981,559078681902.61,-12441542280.27002,6463808309.44,1492284678.8899994,28988.32,29520.32,28846.46
2023-05-11,bitcoin,27639.73,32.340000000000146,0.3234000000000014,534937464538.76,-99635487.92999268,17159331951.19,8282518700.26,28611.44,28611.44,27607.39
2023-05-15,bitcoin,26911.81,113.68000000000028,1.136800000000003,521319019334.7,892992237.3599854,6019488454.42,-2345890599.78,27024.77,27024.77,26787.69
2023-05-19,bitcoin,26842.95,-547.0200000000004,-5.470200000000005,520544913836.41,-10217637677.080015,12599487111.94,18860877.030000687,27227.79,27389.97,26842.95
2023-05-23,bitcoin,26869.69,95.85999999999694,0.9585999999999696,520821915713.92,1650534999.829956,8025716966.18,-100108639.5,26884.37,27093.79,26773.83
2023-05-27,bitcoin,26717.99,242.38000000000105,2.42380000000001,517973731437.94,4678007082.23999,10994037071.45,-959712154.039999,27222.94,27222.94,26338.95
2023-05-31,bitcoin,27713.91,-45.84000000000015,-0.4584000000000015,537414074116.5,-1016876253.0,12766436369.82,-716769522.7200012,26848.24,28110.31,26848.24
2023-06-03,bitcoin,27247.74,423.6400000000031,4.236400000000031,528508990069.21,8237079362.100037,15428145241.78,3272058270.91,27245.47,27247.74,26824.1
2023-06-07,bitcoin,27216.62,1424.0,14.24,527295592028.08,26701698328.860046,22188018260.83,979584688.9600028,27066.37,27315.45,25792.62
2023-06-11,bitcoin,25858.12,-611.4600000000028,-6.114600000000028,501653860264.2,-11572282338.919985,9755626714.24,-708439522.2399998,26346.24,26507.91,25858.12
2023-06-15,bitcoin,25107.75,-764.4599999999991,-7.644599999999992,487262840554.67,-14489422127.049988,11982737579.7,2060861593.8100011,25916.58,25916.58,25107.75
2023-06-19,bitcoin,26333.09,-167.95000000000073,-1.679500000000007,511384956032.88,-2946158424.9400024,8589379740.12,-944042514.7699996,25564.6,26501.04,25564.6
2023-06-23,bitcoin,29935.63,-166.12999999999738,-1.6612999999999738,581473706978.93,-2596781017.8599854,19613389213.8,-4143864982.98,26779.39,30101.76,26779.39
2023-06-27,bitcoin,30285.51,-169.25,-1.6925,587134340343.62,-4253359738.48999,16032184116.63,3955364861.33,30629.24,30629.24,30285.51
2023-06-30,bitcoin,30466.61,383.130000000001,3.8313000000000095,591688337868.84,7500640907.459961,12545425127.45,4055997099.420001,30693.55,30693.55,30083.48
2023-07-03,bitcoin,30571.89,-11.729999999999563,-0.1172999999999956,593627203721.85,2062819.289916992,7236318143.91,3025886899.48,30480.78,30583.62,30480.78
2023-07-07,bitcoin,29990.06,-494.7299999999996,-4.947299999999996,583429029204.25,-8957577493.069946,21776707863.5,11516575722.04,31134.71,31134.71,29990.06
2023-07-11,bitcoin,30394.28,224.40999999999983,2.2440999999999987,590311894648.75,4427907967.579956,12835219756.97,5275549526.78,30315.27,30394.28,30169.87
2023-07-15,bitcoin,30311.83,-1134.1799999999969,-11.341799999999967,588107447250.13,-22618062348.71997,21977151420.85,722877075.1499977,30620.81,31446.01,30311.83
2023-07-19,bitcoin,29848.03,-299.83000000000175,-2.9983000000000173,579708613537.52,-5792107427.589966,13152758553.03,2178375181.480001,30297.97,30297.97,29848.03
2023-07-23,bitcoin,29710.16,-204.52000000000044,-2.0452000000000043,577068525402.12,-4329354989.300049,6745541064.87,-1747086916.0600004,29919.87,29919.87,29710.16
2023-07-27,bitcoin,29363.67,140.6999999999971,1.406999999999971,570531781624.67,2512666495.910034,13088677750.43,5158832975.070001,30057.96,30057.96,29184.9
2023-07-31,bitcoin,29277.76,-78.9900000000016,-0.789900000000016,569135711632.85,-1669198399.7199707,7872881636.63,2990345095.7200003,29200.24,29356.75,29200.24
2023-08-03,bitcoin,29146.64,-390.4700000000012,-3.904700000000012,567074709353.65,-5334220404.319946,19266318894.09,3976396053.2199993,29233.14,29537.11,29146.64
2023-08-07,bitcoin,29044.2,-2.599999999998545,-0.0259999999999854,564947914083.02,-22199374.880004883,5360283576.27,24974846.79000092,29176.15,29176.15,29044.2
2023-08-11,bitcoin,29423.82,-161.6700000000019,-1.616700000000019,572414205818.41,-3121208998.98999,8106253519.03,-6527056578.46,29178.15,29779.56,29178.15
2023-08-15,bitcoin,29400.59,115.61999999999898,1.15619999999999,572242735188.24,2555604741.459961,12408355477.11,7653135028.48,29396.85,29412.14,29284.97
2023-08-19,bitcoin,26042.84,-458.75,-4.5875,506815826635.92,-9211101732.920044,18062351745.5,-11903233937.919998,29170.49,29170.49,26042.84
2023-01-03,ethereum,1214.38,13.720000000000027,0.1372000000000002,146443084804.9,1730869706.75,3845095582.09,1665296421.0500002,1196.61,1214.38,1196.61
2023-01-07,ethereum,1270.03,19.24000000000001,0.1924000000000001,153115414332.17,2310182431.779999,5222706873.56,1170355328.7400002,1214.76,1270.03,1214.76
2023-01-11,ethereum,1336.02,14.339999999999918,0.1433999999999992,160999220384.62,1601715911.3399963,6390063040.04,-2225225054.12,1264.84,1336.02,1264.84
2023-01-15,ethereum,1549.11,95.7299999999998,0.957299999999998,187276048380.95,12477287786.360016,15505376250.71,7118405824.48,1389.77,1549.11,1389.77
2023-01-19,ethereum,1516.56,-52.97000000000003,-0.5297000000000003,183517931282.59,-5464797402.51001,11809477723.66,3326995682.99,1551.32,1577.73,1516.56
2023-01-23,ethereum,1630.84,4.929999999999836,0.0492999999999983,196512572594.41,603854199.3300171,8233555835.05,-1429462668.659999,1550.51,1661.33,1550.51
2023-01-27,ethereum,1602.85,-11.830000000000156,-0.1183000000000015,193276131177.6,-1126092815.019989,10076436860.26,-1869616938.2299995,1632.96,1632.96,1557.06
2023-01-31,ethereum,1568.65,-77.86999999999989,-0.778699999999999,188787565951.33,-9551741476.77002,10977781767.5,940410951.1900004,1598.47,1646.52,1568.65
2023-02-03,ethereum,1648.68,5.820000000000164,0.0582000000000016,198613736403.15,888902375.5899963,12542560274.34,3247443358.4,1586.54,1648.68,1586.54
2023-02-07,ethereum,1617.14,-14.22999999999979,-0.1422999999999979,194725338782.41,-2092515973.8099976,7825100535.01,-386126417.3199997,1665.43,1667.27,1617.14
2023-02-11,ethereum,1515.53,-30.850000000000136,-0.3085000000000014,182839491763.38,-3467325543.720001,9882779899.97,-2564977946.450001,1672.82,1672.82,1515.53
2023-02-15,ethereum,1556.96,50.03999999999997,0.5003999999999996,187619568130.73,6029737789.380005,11723184974.3,149372018.32999992,1541.97,1556.96,1506.92
2023-02-19,ethereum,1692.52,-4.559999999999945,-0.0455999999999994,203613145994.36,-921443189.4400024,5863446679.02,-4943876404.82,1674.86,1697.08,1646.14
2023-02-23,ethereum,1643.17,-13.409999999999854,-0.1340999999999985,198153971276.36,-1233980685.7000122,9836391621.85,107577427.37000084,1680.38,1700.2,1643.17
2023-02-27,ethereum,1640.58,46.62999999999988,0.4662999999999988,197696596339.37,5640220618.160004,6357994998.21,240473873.15999985,1651.85,1651.85,1593.95
2023-02-28,ethereum,1633.98,-6.599999999999909,-0.065999999999999,197018105507.06,-678490832.3099976,7916573299.25,1558578301.04,1633.98,1663.93,1606.63
2023-03-07,ethereum,1567.35,4.119999999999891,0.0411999999999989,188803304807.84,465848651.6300049,6627693313.53,-55545161092.700005,1570.67,1570.67,1563.23
2023-03-11,ethereum,1429.6,-10.570000000000164,-0.1057000000000016,172474466355.71,-758143498.5800171,14696381616.84,3835180175.700001,1563.81,1563.81,1429.6
2023-03-15,ethereum,1708.3,29.37999999999988,0.2937999999999988,205738833552.65,3444678705.5599976,19833762797.58,-45377952126.93,1474.4,1708.3,1474.4
2023-03-19,ethereum,1769.43,-23.86999999999989,-0.2386999999999989,213123927233.33,-2536633471.450012,11976182095.3,-2483545515.7400017,1658.07,1793.3,1658.07
2023-03-23,ethereum,1747.64,-63.76999999999998,-0.6376999999999998,210285658211.08,-7722828702.600006,13820716099.5,2989693144.299999,1801.37,1811.41,1744.44
2023-03-27,ethereum,1776.87,22.889999999999876,0.2288999999999987,214528709136.83,3172819225.5,8417258785.46,393409611.0699997,1824.96,1824.96,1751.22
2023-03-31,ethereum,1792.91,-2.6299999999998818,-0.0262999999999988,216024475834.15,-243708982.67001343,10958214915.43,562826076.6599998,1719.17,1795.54,1719.17
2023-04-03,ethereum,1797.74,-25.25999999999999,-0.2525999999999999,216494189054.48,-3067522504.529999,6679784659.6,480506599.3100004,1824.02,1824.02,1797.74
2023-04-07,ethereum,1872.25,-39.08999999999992,-0.3908999999999992,225549620778.91,-4820435587.359985,9208408844.05,-2378075852.66,1810.47,1911.34,1810.47
2023-04-11,ethereum,1909.88,49.940000000000055,0.4994000000000005,230201702660.86,5982185017.049988,9639736045.97,2234163166.9799995,1866.66,1909.88,1851.05
2023-04-15,ethereum,2102.95,90.15999999999984,0.9015999999999984,252719453976.01,10434924489.670012,17899705467.09,3943301444.51,1892.94,2102.95,1892.94
2023-04-19,ethereum,2103.28,25.74000000000024,0.2574000000000023,251100187595.89,3200171304.51001,10121134598.14,-697712983.4000015,2093.17,2118.6,2077.54
2023-04-23,ethereum,1877.54,27.389999999999876,0.2738999999999987,226130094815.93,3593899251.5599976,7809497062.83,-5617983002.940001,1936.43,1943.44,1850.15
2023-04-27,ethereum,1867.59,-2.980000000000018,-0.0298000000000001,224807445929.17,-288725652.5699768,16137081936.12,6467340992.210001,1863.64,1870.57,1842.63
2023-04-30,ethereum,1905.27,10.839999999999918,0.1083999999999991,229429843509.54,1277550736.4100037,5262009753.41,-3591382030.880001,1910.46,1910.46,1894.43
2023-05-03,ethereum,1870.83,38.09999999999991,0.3809999999999991,225192198744.26,4583209636.290009,8338110887.91,-1335267275.6100006,1885.39,1885.39,1832.73
2023-05-07,ethereum,1900.41,-93.19999999999982,-0.9319999999999982,228369002903.68,-11542501520.610016,11135926723.3,473859467.3299999,1903.73,1993.61,1877.4
2023-05-11,ethereum,1842.87,-3.1900000000000546,-0.0319000000000005,221632027136.73,-614400350.5,10471130832.94,4098073662.76,1895.23,1895.23,1842.87
2023-05-15,ethereum,1799.01,1.8099999999999452,0.0180999999999994,216439514891.85,407412452.1199951,4914907456.47,-235304927.55999947,1798.07,1808.69,1797.2
2023-05-19,ethereum,1802.39,-18.65999999999985,-0.1865999999999985,217078808863.78,-2045453847.5899963,6170212643.31,-477732575.05999947,1820.04,1823.66,1802.39
2023-05-23,ethereum,1818.4,13.470000000000027,0.1347000000000002,218746186925.57,1443929751.880005,5183573151.89,1347705796.6700006,1812.13,1818.97,1804.93
2023-05-27,ethereum,1828.96,23.15000000000009,0.2315000000000009,219969209232.79,2775017622.470001,6245753617.1,-1213515786.2799995,1854.19,1854.19,1800.74
2023-05-31,ethereum,1901.08,7.369999999999891,0.0736999999999989,228588229006.9,782914119.7999878,6019457141.15,-742583767.5500002,1830.31,1913.82,1830.31
2023-06-03,ethereum,1907.21,45.48000000000002,0.4548000000000002,229335461597.88,5484503574.839996,6910486182.97,672562600.3200006,1874.69,1907.21,1861.73
2023-06-07,ethereum,1883.24,69.55999999999995,0.6955999999999994,226225955928.72,8001138482.529999,9540379707.01,-1347081486.42,1892.08,1893.18,1813.68
2023-06-11,ethereum,1754.67,-84.53999999999996,-0.8453999999999996,210950148701.21,-10068653309.640017,41417850678.71,36324183881.79,1832.32,1846.03,1754.67
2023-06-15,ethereum,1650.68,-86.1099999999999,-0.861099999999999,198559274296.62,-10144719640.200012,8025571357.47,1226709072.8900003,1751.72,1751.72,1650.68
2023-06-19,ethereum,1719.27,-7.099999999999909,-0.070999999999999,206730774198.46,-865198581.7700195,4084738737.03,-774951948.4499993,1664.98,1726.37,1664.98
2023-06-23,ethereum,1874.18,-18.720000000000027,-0.1872000000000002,225381084937.88,-2200542046.269989,9842202528.71,-2452590900.8900013,1734.79,1892.9,1734.79
2023-06-27,ethereum,1859.8,-39.350000000000136,-0.3935000000000013,223061316934.54,-5271121079.589996,9893270861.84,2529390772.79,1891.35,1899.15,1859.8
2023-06-30,ethereum,1853.45,24.99000000000001,0.2499000000000001,222892015037.67,2968822856.9900208,6609358548.63,-212364994.1099997,1890.01,1890.01,1828.46
2023-07-03,ethereum,1933.96,9.3900000000001,0.093900000000001,232373535009.19,1277490165.730011,7183593046.19,1420059495.0999994,1934.05,1934.05,1924.57
2023-07-07,ethereum,1855.47,-55.03999999999997,-0.5503999999999997,223411633998.66,-6633971242.76001,13544056615.64,5363072125.309999,1953.78,1953.78,1855.47
2023-07-11,ethereum,1875.27,8.349999999999909,0.083499999999999,225295266243.28,879231488.2200012,8878301263.05,6106187976.839999,1869.32,1875.27,1864.87
2023-07-15,ethereum,1935.94,-67.30999999999995,-0.6730999999999995,232297518076.9,-8358932898.459991,13163947666.12,910709650.0200005,1875.87,2003.25,1873.51
2023-07-19,ethereum,1897.2,-14.919999999999844,-0.1491999999999984,227853365302.59,-1919277875.1700132,9120475118.91,1435752705.6800003,1931.39,1931.39,1897.2
2023-07-23,ethereum,1858.31,-33.16000000000008,-0.3316000000000008,223308803225.05,-4158773793.650024,5837098870.78,-472669069.6700001,1889.22,1891.47,1858.31
2023-07-27,ethereum,1871.53,13.930000000000064,0.1393000000000006,224855185617.99,1378285308.0599976,7307465774.98,2977492967.12,1887.83,1887.83,1850.43
2023-07-31,ethereum,1861.87,-19.050000000000185,-0.1905000000000018,223813641443.3,-2260677521.830017,5791342964.55,2800916640.78,1858.78,1880.92,1858.78
2023-08-03,ethereum,1838.01,-31.74000000000001,-0.3174,220936460217.74,-5015558700.839996,8178850227.51,-811923089.789999,1857.28,1869.75,1838.01
2023-08-07,ethereum,1826.71,-8.3599999999999,-0.083599999999999,219533986979.75,-953032513.8399965,2992818475.65,40468649.76000023,1835.7,1835.7,1826.71
2023-08-11,ethereum,1850.88,-5.009999999999991,-0.0500999999999999,222411268370.9,-581169173.230011,3733537744.9,-2276566271.1600003,1826.93,1856.84,1826.93
2023-08-15,ethereum,1843.51,4.0,0.04,221564238004.31,615911480.980011,4495324729.87,852900166.1300001,1847.54,1848.51,1839.51
2023-08-19,ethereum,1660.68,-15.179999999999836,-0.1517999999999983,199322878932.42,-2160097999.659973,11856910739.73,-9105864158.37,1826.91,1826.91,1660.68
2023-01-03,tether,1.0,0.0,0.0,66223251669.25,-78606808.5,17265085804.68,5839719937.91,1.0,1.0,1.0
2023-01-07,tether,1.0,0.0,0.0,66263334312.75,-15314339.269996645,26274408965.53,6184255704.73,1.0,1.0,1.0
2023-01-11,tether,1.0,0.0,0.0,66307828854.78,-7218173.2099990845,30382590558.23,-7989017590.649998,1.0,1.0,1.0
2023-01-15,tether,1.0,0.0,0.0,66305842236.88,-11653133.410003662,67079943134.02,19231585927.719997,1.0,1.0,1.0
2023-01-19,tether,1.0,0.0,0.0,66549279927.07,76989707.87999725,52187459970.84,11270519150.479996,1.0,1.0,1.0
2023-01-23,tether,1.0,0.0,0.0,66739726193.22,363220641.590004,42222010836.62,-9859362828.599998,1.0,1.0,1.0
2023-01-27,tether,1.0,0.0,0.0,67240886056.87,100957822.80000304,45669776007.21,-5812564085.459999,1.0,1.0,1.0
2023-01-31,tether,1.0,0.0,0.0,67779797060.88,92673806.34999847,49267517476.45,4425190002.610001,1.0,1.0,1.0
2023-02-03,tether,1.0,0.0,0.0,67892950614.04,46804313.69000244,57189832973.14,9634616537.57,1.0,1.0,1.0
2023-02-07,tether,1.0,0.0,0.0,68043274844.17,-70897362.7400055,40249156561.89,3163081595.979996,1.0,1.0,1.0
2023-02-11,tether,1.0,0.0,0.0,68366557129.94,173218133.0,52760189299.02,-11937795267.780006,1.0,1.0,1.0
2023-02-15,tether,1.0,0.0,0.0,69541171926.41,1113574119.2700045,60633824927.98,2102585231.3100047,1.0,1.0,1.0
2023-02-19,tether,1.0,0.0,0.0,70285569098.16,-7153380.259994507,33905087115.02,-30509205946.81,1.0,1.01,1.0
2023-02-23,tether,1.0,0.0,0.0,70766136200.37,309545644.9799957,51233553288.69,-1404326478.2999954,1.0,1.0,1.0
2023-02-27,tether,1.0,0.0,0.0,70797067115.67,-35911581.150009155,30368284334.6,-187466702.48000336,1.0,1.0,1.0
2023-02-28,tether,1.0,0.0,0.0,70918517287.47,121450171.80000304,35987227108.11,5618942773.510002,1.0,1.0,1.0
2023-03-07,tether,1.0,0.0,0.0,71606102630.77,143020953.52999878,27019419679.63,6367871833.620003,1.0,1.0,1.0
2023-03-11,tether,1.0,0.0,0.0,72084236470.97,269456721.1100006,66020694287.7,15396306547.719994,1.0,1.0,1.0
2023-03-15,tether,1.0,0.0,0.0,73662783701.28,438652721.16000366,88711070851.06,930109389.0,1.0,1.01,1.0
2023-03-19,tether,1.0,0.0,0.0,76220833431.45,39815184.5,43345175884.0,-3610077714.0,1.01,1.01,1.0
2023-03-23,tether,1.01,0.0,0.0,77988820276.12,640335200.8699951,51748798673.78,748979961.7799988,1.01,1.01,1.01
2023-03-27,tether,1.0,-0.01,-0.0001,79174842323.56,-448297138.0200043,23064969258.59,-1335810649.3899994,1.0,1.01,1.0
2023-03-31,tether,1.0,0.0,0.0,79708195096.13,71824835.9500122,34656392597.8,2173793154.970001,1.0,1.0,1.0
2023-04-03,tether,1.0,0.0,0.0,79792660516.38,20603877.27999878,18937046329.75,897466346.9700012,1.0,1.0,1.0
2023-04-07,tether,1.0,0.0,0.0,80188675274.4,48408394.77999878,22623151065.65,-5010540784.939999,1.0,1.0,1.0
2023-04-11,tether,1.0,0.0,0.0,80390805147.35,79990809.82000732,26264825227.79,7046335596.610001,1.0,1.0,1.0
2023-04-15,tether,1.0,0.0,0.0,80869263894.08,-17305987.319992065,38652292144.27,9854017049.799995,1.0,1.0,1.0
2023-04-19,tether,1.0,0.0,0.0,81124243453.92,101723984.75,29616720696.28,-63647201.260002136,1.0,1.0,1.0
2023-04-23,tether,1.0,0.0,0.0,81601259475.56,119018693.70999146,18029599677.25,-14844852497.900002,1.0,1.0,1.0
2023-04-27,tether,1.0,0.0,0.0,81618274278.08,-32389797.729995728,42728517018.07,18913040035.48,1.0,1.0,1.0
2023-04-30,tether,1.0,0.0,0.0,81811659037.8,97718482.79000854,13491816831.17,-11785282216.570002,1.0,1.0,1.0
2023-05-03,tether,1.0,0.0,0.0,81882894005.46,9844451.530014038,22845821557.87,-3671394614.350002,1.0,1.0,1.0
2023-05-07,tether,1.0,0.0,0.0,82239351555.03,87445973.2400055,23546975147.57,4689810013.380001,1.0,1.0,1.0
2023-05-11,tether,1.0,0.0,0.0,82565452645.6,63895394.41000366,13254326645.68,-3560446694.2700005,1.0,1.0,1.0
2023-05-15,tether,1.0,0.0,0.0,82795486682.1,-293378173.1799927,12887195724.11,-723579604.3400002,1.0,1.0,1.0
2023-05-19,tether,1.0,0.0,0.0,82877902315.16,23606077.44000244,13318816749.05,-1734605360.630001,1.0,1.0,1.0
2023-05-23,tether,1.0,0.0,0.0,82986871465.61,35720985.50999451,11515676906.84,-376419214.7099991,1.0,1.0,1.0
2023-05-27,tether,1.0,0.0,0.0,83125090385.81,74661569.81999207,10843817553.49,-9782986188.820002,1.0,1.0,1.0
2023-05-31,tether,1.0,0.0,0.0,83178632658.52,-924435.419998169,18100413202.71,-2705301365.049999,1.0,1.0,1.0
2023-06-03,tether,1.0,0.0,0.0,83185392884.92,-59932975.54000855,14132729009.72,2194645460.84,1.0,1.0,1.0
2023-06-07,tether,1.0,0.0,0.0,83215224249.21,546980.0900115967,28583258275.36,7976296638.48,1.0,1.0,1.0
2023-06-11,tether,1.0,0.0,0.0,83392178490.08,52074868.52999878,30912006845.13,20778875080.44,1.0,1.0,1.0
2023-06-15,tether,1.0,0.0,0.0,83520295613.28,42842746.11000061,14333003063.98,-3666661998.619999,1.0,1.0,1.0
2023-06-19,tether,1.0,0.0,0.0,83130615716.82,-380015044.08999634,12287433243.24,-634192981.0799999,1.0,1.0,1.0
2023-06-23,tether,1.0,0.0,0.0,83172721039.27,2634364.919998169,13604556265.47,-23999792638.66,1.0,1.0,1.0
2023-06-27,tether,1.0,0.0,0.0,83129801763.56,-111954608.94999696,22557703195.96,7906637058.939999,1.0,1.0,1.0
2023-06-30,tether,1.0,0.0,0.0,83395956301.87,78227892.58999634,16112541256.84,-1306445964.1399994,1.0,1.0,1.0
2023-07-03,tether,1.0,0.0,0.0,83275413162.65,-60200138.97000122,9641964189.84,128797915.3899994,1.0,1.0,1.0
2023-07-07,tether,1.0,0.0,0.0,83485321161.54,167002711.21998596,29431199350.18,13667282512.91,1.0,1.0,1.0
2023-07-11,tether,1.0,0.0,0.0,83357075149.29,-44866762.40000916,18933578946.95,9906494379.96,1.0,1.0,1.0
2023-07-15,tether,1.0,0.0,0.0,83642019367.73,316638140.25,38115912805.17,-3073468756.160004,1.0,1.0,1.0
2023-07-19,tether,1.0,0.0,0.0,83790732854.89,47252224.6000061,20811143044.81,11242001013.490002,1.0,1.0,1.0
2023-07-23,tether,1.0,0.0,0.0,83804674505.69,20342189.740005493,9669080041.19,-9333995502.729998,1.0,1.0,1.0
2023-07-27,tether,1.0,0.0,0.0,83895071911.89,104753135.67999268,10714717923.69,-1390529973.5599997,1.0,1.0,1.0
2023-07-31,tether,1.0,0.0,0.0,83823744370.68,1279193.839996338,13108022081.58,6030567513.2,1.0,1.0,1.0
2023-08-03,tether,1.0,0.0,0.0,83888527906.06,72214432.44999695,23643854095.06,-1733184938.0599976,1.0,1.0,1.0
2023-08-07,tether,1.0,0.0,0.0,83751692193.04,-65287048.15000916,11345706293.53,2713085854.1100006,1.0,1.0,1.0
2023-08-11,tether,1.0,0.0,0.0,83445632345.53,-51312137.49000549,10890096033.92,-7877205795.109999,1.0,1.0,1.0
2023-08-15,tether,1.0,0.0,0.0,83323482665.83,20195139.020004272,12792365654.79,3538227614.080002,1.0,1.0,1.0
2023-08-19,tether,1.0,0.0,0.0,82846348503.31,441565221.8300018,28473299901.72,-10545992636.71,1.0,1.0,1.0
2023-01-03,binancecoin,245.43,1.3700000000000043,0.0137,40136162128.66,283647234.94000244,393346445.62,162940573.01,246.66,246.66,244.06
2023-01-07,binancecoin,259.8,3.329999999999984,0.0332999999999998,42404102106.19,521135901.590004,453907517.42,286304174.68,246.21,259.8,246.21
2023-01-11,binancecoin,277.1,4.3700000000000045,0.0437,45318222265.87,776209838.6100006,577193155.01,-390479314.98,261.32,277.1,261.32
2023-01-15,binancecoin,305.81,11.670000000000016,0.1167000000000001,49943815084.22,1996056691.160004,621263980.36,-120599456.39,285.47,305.81,285.47
2023-01-19,binancecoin,287.71,-12.480000000000018,-0.1248000000000001,38863899341.49,-10070262870.21,935963362.52,326520212.52,301.71,301.71,287.71
2023-01-23,binancecoin,303.17,4.210000000000036,0.0421000000000003,40887166881.2,544322246.2299957,150521091.82,-736502150.4200001,294.75,304.95,294.75
2023-01-27,binancecoin,304.89,-2.1999999999999886,-0.0219999999999998,41149656904.52,-333494458.05000305,698771570.23,632026425.79,306.09,307.09,300.56
2023-01-31,binancecoin,307.06,-10.25,-0.1025,41374485112.91,-1433526871.899994,923049424.98,471972663.76,308.46,317.31,305.95
2023-02-03,binancecoin,325.44,7.79000000000002,0.0779000000000002,43801457182.32,954170324.3600006,84078874.84,-774972019.67,312.51,325.44,312.51
2023-02-07,binancecoin,324.97,-2.6899999999999977,-0.0268999999999999,43820319411.43,-405015275.3000031,686777874.0,471863503.2,332.28,332.28,324.97
2023-02-11,binancecoin,305.92,0.1700000000000159,0.0017000000000001,48368078947.75,76357471.16999817,624450062.66,-722099870.3000001,333.39,333.39,305.75
2023-02-15,binancecoin,296.2,2.8799999999999955,0.0287999999999999,46811338177.7,551738235.2599945,1005050377.5,472675774.16,310.99,313.55,293.32
2023-02-19,binancecoin,316.21,2.539999999999964,0.0253999999999996,49856817082.6,278922180.5,642090260.64,-471938673.81000006,317.25,317.25,306.76
2023-02-23,binancecoin,312.46,1.3799999999999957,0.0137999999999999,49367058957.58,263745228.20999908,929231102.28,184979406.20999992,311.35,314.94,311.08
2023-02-27,binancecoin,308.57,6.430000000000007,0.0643,48751232145.03,1041130282.0899965,454441353.16,-8729105.939999998,308.51,308.57,301.83
2023-02-28,binancecoin,304.56,-4.009999999999991,-0.0400999999999999,48144114205.2,-607117939.8300018,493844165.87,39402812.70999998,304.56,304.56,299.82
2023-03-07,binancecoin,288.02,-0.6000000000000227,-0.0060000000000002,45478695800.9,-16523826.849998474,374939330.72,-15196322.48999995,290.22,290.22,288.02
2023-03-11,binancecoin,277.03,-0.4600000000000364,-0.0046000000000003,43804338397.93,142551603.41000366,798558784.35,231318096.64,289.25,289.25,277.03
2023-03-15,binancecoin,309.58,0.8599999999999568,0.0085999999999995,48897303943.23,155033419.2400055,1256202195.93,-79616374.26999998,275.74,309.58,275.74
2023-03-19,binancecoin,333.03,-6.730000000000018,-0.0673000000000001,52572257613.56,-987907686.340004,1170238152.18,-244132008.8699999,307.72,339.76,307.72
2023-03-23,binancecoin,323.6,-13.289999999999964,-0.1328999999999996,51090160090.9,-2111393886.5299988,1814263586.66,1112280408.62,337.45,337.45,323.6
2023-03-27,binancecoin,329.15,4.599999999999966,0.0459999999999996,52057241786.7,800445136.8699951,526856127.17,23230356.73000002,331.25,331.25,324.08
2023-03-31,binancecoin,317.12,2.9700000000000277,0.0297000000000002,50168780547.09,591384898.25,160176096.74,-544411580.05,311.51,317.12,311.51
2023-04-03,binancecoin,314.11,-0.9699999999999704,-0.0096999999999997,49580832087.44,-158067589.2599945,362774663.35,-50878779.69,317.26,317.26,314.11
2023-04-07,binancecoin,312.37,-1.909999999999968,-0.0190999999999996,49315808886.98,-325816676.8099976,490400831.01,-110675055.14,308.85,314.28,308.85
2023-04-11,binancecoin,318.23,5.220000000000027,0.0522000000000002,50278276856.35,830236613.0199966,571039270.0,153406436.93,310.83,318.23,310.66
2023-04-15,binancecoin,328.98,3.9500000000000455,0.0395000000000004,51952175557.44,656806302.2799988,1091698237.3,458913668.3,322.73,328.98,320.29
2023-04-19,binancecoin,343.01,2.980000000000018,0.0298000000000001,54204297110.63,540226578.2399979,846447082.42,-127494372.86,333.27,347.87,333.27
2023-04-23,binancecoin,332.41,10.810000000000002,0.1081,52527550309.24,1734241002.5899963,832518965.51,-514317255.74,322.35,332.41,317.78
2023-04-27,binancecoin,330.44,-8.660000000000025,-0.0866000000000002,52172391454.2,-1343644324.9500046,1092842791.89,307553194.0900001,330.68,339.1,330.44
2023-04-30,binancecoin,321.77,-2.7100000000000364,-0.0271000000000003,50858247900.9,-366656211.3099976,478613089.09,-945549478.42,331.51,331.51,321.77
2023-05-03,binancecoin,322.21,-6.760000000000048,-0.0676000000000004,50888408585.05,-1045023731.7299956,452507446.76,-702283734.0999999,337.62,337.62,322.21
2023-05-07,binancecoin,322.7,-4.1200000000000045,-0.0412,50941464918.85,-658407969.9199982,549648650.15,-26869135.399999976,326.01,326.82,322.7
2023-05-11,binancecoin,314.58,2.4499999999999886,0.0244999999999998,49662394089.83,355535772.8100052,610558342.68,197629878.67999995,322.31,322.31,312.13
2023-05-15,binancecoin,311.9,0.8599999999999568,0.0085999999999995,49226381036.03,16073755.86000061,426917645.79,45733781.84000003,307.79,311.9,307.79
2023-05-19,binancecoin,309.5,-4.449999999999989,-0.0444999999999998,48900502712.38,-663892441.1700058,316671000.32,-114927389.95999998,313.94,313.95,309.5
2023-05-23,binancecoin,309.26,2.6999999999999886,0.0269999999999998,48826800669.85,405681270.9300003,419078722.23,90891466.18,308.98,310.47,306.56
2023-05-27,binancecoin,307.15,2.4599999999999795,0.0245999999999997,48475838353.54,361167807.5,79448807.67,-388400535.27,313.46,313.46,304.69
2023-05-31,binancecoin,311.6,0.0300000000000295,0.0003000000000002,49203273430.56,-20480882.33000183,374599802.61,-379044435.83,307.45,314.34,307.45
2023-06-03,binancecoin,307.3,2.319999999999993,0.0231999999999999,48523200816.47,351222843.340004,495073166.05,52443300.910000026,307.01,307.3,304.98
2023-06-07,binancecoin,281.47,4.53000000000003,0.0453000000000003,44409349947.92,683438164.159996,1050996255.07,-555748749.2099999,306.66,306.66,276.94
2023-06-11,binancecoin,239.27,-21.14000000000001,-0.2114000000000001,37283948504.24,-3268644278.6100006,1868589920.14,1484587179.46,259.23,262.17,239.27
2023-06-15,binancecoin,237.51,-5.740000000000009,-0.0574,37009537059.91,-832734215.5999985,1178173967.52,-238846749.1300001,235.2,243.25,231.07
2023-06-19,binancecoin,244.0,-0.4300000000000068,-0.0043,38024105466.61,-74872370.86000061,462510688.06,-135301169.05,236.1,244.43,236.1
2023-06-23,binancecoin,240.92,-8.440000000000026,-0.0844000000000002,37565674019.61,-1368375336.7799988,1079592073.66,166584302.5300001,242.74,249.36,240.92
2023-06-27,binancecoin,236.17,-2.5700000000000216,-0.0257000000000002,36760211282.03,-426971570.1800003,515948271.89,7419013.389999986,244.3,244.3,236.17
2023-06-30,binancecoin,233.41,2.9099999999999966,0.0290999999999999,36395478143.67,456859712.3099976,465187400.15,-182944202.85,237.5,237.5,230.5
2023-07-03,binancecoin,245.63,-1.7199999999999989,-0.0171999999999999,38268730396.45,-240471414.0400009,740730697.09,-94512373.52999996,240.52,247.35,240.52
2023-07-07,binancecoin,232.5,-6.360000000000014,-0.0636000000000001,36245958961.43,-1038866849.6800004,694188233.98,85694197.83000004,246.03,246.03,232.5
2023-07-11,binancecoin,245.44,11.300000000000011,0.1130000000000001,38198672256.78,1723176370.5699997,1172157950.55,891995768.4499999,235.34,245.44,234.14
2023-07-15,binancecoin,247.7,-8.090000000000003,-0.0809,38561494027.78,-1253994691.4199982,1079333379.5,52038246.52999997,248.4,255.79,244.27
2023-07-19,binancecoin,240.27,-3.9299999999999775,-0.0392999999999997,37417448510.98,-631674947.5199966,892907015.84,132099521.20000003,251.09,251.09,240.27
2023-07-23,binancecoin,240.54,-3.230000000000018,-0.0323000000000001,37472378595.42,-507924102.5,253197293.58,-132104485.23999998,241.33,243.77,240.54
2023-07-27,binancecoin,239.02,1.2900000000000205,0.0129000000000002,36768425085.17,-279794694.73000336,397845092.58,38209226.84999997,242.38,242.38,237.73
2023-07-31,binancecoin,242.54,-0.0200000000000102,-0.0002000000000001,37315750968.66,9736691.280006409,314019546.78,62279110.149999976,240.42,242.56,240.42
2023-08-03,binancecoin,240.38,-7.050000000000011,-0.0705000000000001,37035182390.96,-962242848.5699996,750233247.93,-104149270.18000008,241.19,247.43,240.38
2023-08-07,binancecoin,242.57,-0.3100000000000023,-0.0031,37324600944.79,-43253793.02999878,372359290.68,120822568.6,241.14,242.88,241.14
2023-08-11,binancecoin,241.23,-2.780000000000001,-0.0278,37112194985.22,-429611228.6500015,339047442.16,-62456833.04999995,241.74,245.18,241.23
2023-08-15,binancecoin,240.36,0.3300000000000125,0.0033000000000001,36970232010.68,56411079.09999848,323212804.63,92449008.6,239.6,240.36,239.6
2023-08-19,binancecoin,215.97,-1.8300000000000125,-0.0183000000000001,33229783482.27,-322794713.5600014,614638062.67,-331629339.64,236.61,236.61,215.97
2023-01-03,ripple,0.35,0.0099999999999999,9.999999999999952e-05,17560796887.62,500688721.1299992,1581447168.29,1254317542.22,0.34,0.35,0.34
2023-01-07,ripple,0.35,0.0099999999999999,9.999999999999952e-05,17457329880.74,341259278.38000107,801001834.07,56093835.24000001,0.34,0.35,0.34
2023-01-11,ripple,0.35,0.0,0.0,17792177163.85,74429951.75,917319432.22,-621943462.4100001,0.34,0.35,0.34
2023-01-15,ripple,0.4,0.01,0.0001,20080653280.13,499888756.22999954,1860485927.25,690337349.25,0.38,0.4,0.38
2023-01-19,ripple,0.38,-0.01,-0.0001,19245926197.71,-412254713.2200012,1702838567.32,563947800.1399999,0.38,0.39,0.38
2023-01-23,ripple,0.4,0.0,0.0,20425679976.4,-85825891.93999863,852878506.66,-289527979.57000005,0.39,0.41,0.39
2023-01-27,ripple,0.41,-0.01,-0.0001,20916108969.41,-339698607.11999893,1019272806.05,-226455385.72000003,0.43,0.43,0.41
2023-01-31,ripple,0.4,-0.0099999999999999,-9.999999999999952e-05,20091977273.88,-980174384.4099998,1441087625.97,811045373.4300001,0.41,0.41,0.4
2023-02-03,ripple,0.41,0.0,0.0,20884408869.33,-180040395.90999985,1151908009.91,-98489857.33999991,0.41,0.41,0.41
2023-02-07,ripple,0.39,-0.01,-0.0001,19987203910.59,-335327936.79999924,1057791123.27,194762534.48,0.41,0.41,0.39
2023-02-11,ripple,0.38,0.0,0.0,19484210803.05,-9819154.930000303,1049701311.59,-771483690.58,0.4,0.4,0.38
2023-02-15,ripple,0.38,0.01,0.0001,19466658328.0,566623681.9000015,1276863097.16,-93507738.24,0.39,0.39,0.37
2023-02-19,ripple,0.39,-0.01,-0.0001,20036416117.84,-51512640.86999893,575785061.36,-636940450.6899999,0.4,0.4,0.39
2023-02-23,ripple,0.4,0.01,0.0001,20196054648.3,323365038.2599983,1391639960.46,-12495618.50999999,0.39,0.4,0.39
2023-02-27,ripple,0.38,0.0,0.0,19267086787.8,-16512539.229999542,540159353.63,-107037254.33000004,0.39,0.39,0.38
2023-02-28,ripple,0.38,0.0,0.0,19332749632.95,65662845.150001526,1153758555.88,613599202.2500001,0.38,0.38,0.38
2023-03-07,ripple,0.37,0.0,0.0,18870930797.41,98634218.1100006,1262642327.18,730962533.33,0.38,0.38,0.37
2023-03-11,ripple,0.37,0.0,0.0,18960880522.28,-77704237.0,1600399582.47,-279709671.94000006,0.38,0.39,0.37
2023-03-15,ripple,0.37,0.0,0.0,19095493029.56,28071012.75,1673162184.29,-207441742.1200001,0.37,0.37,0.37
2023-03-19,ripple,0.38,0.0,0.0,19170540663.4,-224684643.4699974,1097398135.41,-172216799.78999996,0.36,0.38,0.36
2023-03-23,ripple,0.43,-0.0399999999999999,-0.0003999999999999,21687465409.83,-2276131767.16,4517426407.71,-31321109.470000267,0.39,0.47,0.38
2023-03-27,ripple,0.45,0.0,0.0,23017901905.09,115935663.75,1450602336.84,-776091448.8999999,0.45,0.45,0.43
2023-03-31,ripple,0.54,-0.01,-0.0001,27787487718.73,-419009760.2799988,3170922798.85,-1860302683.61,0.48,0.55,0.48
2023-04-03,ripple,0.52,0.01,0.0001,26865238853.59,445469960.2200012,1622515475.02,-344080998.9200001,0.54,0.54,0.51
2023-04-07,ripple,0.5,-0.01,-0.0001,26032005022.92,-146148817.8900032,1224093379.53,-318850782.3900001,0.5,0.51,0.5
2023-04-11,ripple,0.52,0.01,0.0001,26808568246.61,655410824.5,1057662396.41,350812883.37,0.51,0.52,0.51
2023-04-15,ripple,0.52,0.01,0.0001,27098938485.68,504247817.1100006,1686463892.49,608126030.44,0.52,0.52,0.51
2023-04-19,ripple,0.53,0.02,0.0002,27473961872.44,1047337173.4099998,1197384612.39,146819154.07000005,0.52,0.53,0.51
2023-04-23,ripple,0.47,0.0199999999999999,0.0001999999999999,24522972208.71,1275894598.0999985,962045940.82,-526745251.57000005,0.49,0.49,0.45
2023-04-27,ripple,0.46,-0.0099999999999999,-9.999999999999952e-05,23900530754.36,-428183642.91999817,1735110890.2,526814429.31999993,0.47,0.47,0.46
2023-04-30,ripple,0.48,0.0,0.0,24729043163.79,-106432670.34999847,630278066.6,-623442340.2699999,0.47,0.48,0.47
2023-05-03,ripple,0.47,0.0,0.0,24075470304.74,14413717.700000765,969292690.38,-42572914.48000002,0.47,0.47,0.47
2023-05-07,ripple,0.46,-0.0099999999999999,-9.999999999999952e-05,23817157947.01,-425582840.3000031,652294979.74,-324786383.67,0.46,0.47,0.46
2023-05-11,ripple,0.43,0.0,0.0,22424416872.48,120228448.61999892,1182617804.24,139866058.32000005,0.45,0.45,0.43
2023-05-15,ripple,0.43,0.0,0.0,22099560865.69,-12319672.409999847,386393405.62,-14990022.360000014,0.42,0.43,0.42
2023-05-19,ripple,0.46,0.01,0.0001,23918491004.36,662129429.1599998,1511866848.5,-129784866.96000004,0.43,0.46,0.43
2023-05-23,ripple,0.46,0.0,0.0,23977031841.93,180158791.59000012,991756168.3,414183987.62,0.47,0.47,0.46
2023-05-27,ripple,0.47,0.0199999999999999,0.0001999999999999,24417347419.4,861083800.7200012,1052724018.83,231245151.67000008,0.47,0.47,0.45
2023-05-31,ripple,0.52,0.03,0.0003,27185803590.19,1483640614.0099983,2389465868.25,1244249140.94,0.47,0.52,0.47
2023-06-03,ripple,0.53,0.02,0.0002,27330411902.31,888963120.2700005,1172447803.48,-12043970.089999914,0.52,0.53,0.51
2023-06-07,ripple,0.53,0.02,0.0002,27595802610.62,1019607810.5999984,1788963243.71,-535325014.8699999,0.52,0.54,0.51
2023-06-11,ripple,0.51,-0.03,-0.0003,26595733464.3,-1351659841.6800003,2377566256.84,976878862.12,0.52,0.54,0.51
2023-06-15,ripple,0.48,-0.04,-0.0004,25055080654.37,-2077934564.07,1999231994.03,-990392109.34,0.52,0.53,0.48
2023-06-19,ripple,0.49,0.01,0.0001,25416332506.74,410616071.2000008,823404499.62,121200417.09000003,0.48,0.49,0.48
2023-06-23,ripple,0.5,0.0,0.0,25824265989.04,-267707543.5400009,1203675448.96,156231384.88,0.49,0.5,0.49
2023-06-27,ripple,0.48,-0.01,-0.0001,24993365484.35,-584219501.7400017,781825263.1,261098423.6,0.5,0.5,0.48
2023-06-30,ripple,0.47,0.0099999999999999,9.999999999999952e-05,24810347278.94,513552455.1099968,575213084.88,-246065464.49,0.48,0.48,0.46
2023-07-03,ripple,0.48,0.01,0.0001,25298696946.58,582890610.8200035,822937093.03,255249418.78,0.47,0.48,0.47
2023-07-07,ripple,0.46,-0.0199999999999999,-0.0001999999999999,24328001206.92,-671674745.5700035,772623037.95,-8286239.659999967,0.49,0.49,0.46
2023-07-11,ripple,0.48,0.01,0.0001,24922515787.51,460510881.6799965,748189491.86,493475272.01,0.47,0.48,0.47
2023-07-15,ripple,0.72,-0.09,-0.0009,37918177999.13,-4866218921.75,5758002014.73,-5493094241.09,0.48,0.81,0.47
2023-07-19,ripple,0.78,0.04,0.0004,40870157250.46,2043064821.6200027,2214761174.65,-48160623.130000114,0.71,0.78,0.71
2023-07-23,ripple,0.73,-0.04,-0.0004,38460345132.56,-2127278894.4300003,1389970268.99,-285560122.29,0.82,0.82,0.73
2023-07-27,ripple,0.72,0.01,0.0001,37694712104.54,269623135.4700012,1495290293.13,-34917696.23999977,0.74,0.74,0.7
2023-07-31,ripple,0.7,-0.01,-0.0001,37157825595.02,-410203066.2900009,1116791886.55,474638712.2199999,0.71,0.71,0.7
2023-08-03,ripple,0.68,-0.0299999999999999,-0.0002999999999999,36120553529.07,-1057129808.3099976,1053596026.19,-467691436.6199999,0.7,0.71,0.68
2023-08-07,ripple,0.62,-0.01,-0.0001,32768402681.79,-358464864.3600006,771069752.21,-231129352.0999999,0.66,0.66,0.62
2023-08-11,ripple,0.63,-0.01,-0.0001,33426764509.19,-550658999.7100029,1063357974.34,-435036793.94,0.62,0.64,0.62
2023-08-15,ripple,0.63,0.0,0.0,33526777989.72,505845210.2100029,967305278.57,346365371.59000003,0.63,0.63,0.63
2023-08-19,ripple,0.51,0.01,0.0001,26678600727.83,12383050.61000061,1918958850.39,-276148571.70000005,0.61,0.61,0.5
2023-01-03,usd-coin,1.0,0.0,0.0,44694019195.95,92215322.27999878,1550352413.68,367612683.0600002,1.0,1.0,1.0
2023-01-07,usd-coin,1.0,0.0,0.0,43712866667.89,-50563042.59999848,3343886024.58,1422223314.03,1.0,1.0,1.0
2023-01-11,usd-coin,1.0,0.0,0.0,43685112246.51,-327535998.51999664,2610574076.08,-920375326.96,1.0,1.0,1.0
2023-01-15,usd-coin,1.0,0.0,0.0,43678264953.16,215672800.840004,4313189567.06,123475889.74000023,1.0,1.0,1.0
2023-01-19,usd-coin,1.0,0.0,0.0,43107768362.55,-433903237.5599976,4014427037.95,1039674777.89,1.0,1.0,1.0
2023-01-23,usd-coin,1.0,0.0,0.0,43513037553.59,185672929.94999692,3681813521.75,127052318.0500002,1.0,1.0,1.0
2023-01-27,usd-coin,1.0,0.0,0.0,43326277770.16,-219315245.65999603,3168520952.13,-745404154.8399997,1.0,1.0,1.0
2023-01-31,usd-coin,1.0,0.0,0.0,42731330918.92,-381751815.8199997,3344857696.24,454585261.7199998,1.0,1.0,1.0
2023-02-03,usd-coin,1.0,0.0,0.0,42540250173.26,200444680.19000244,4071391033.81,793307390.9499998,1.0,1.0,1.0
2023-02-07,usd-coin,1.0,0.0,0.0,41800705575.01,-256415569.44999692,2896554503.39,-284170057.69000006,1.0,1.0,1.0
2023-02-11,usd-coin,1.0,0.0,0.0,41396045451.61,-58410158.04000092,3777930895.79,-103948901.78999996,1.0,1.0,1.0
2023-02-15,usd-coin,1.0,0.0,0.0,41098392955.17,134187209.9399948,3947202535.65,-1322549084.4999995,1.0,1.0,1.0
2023-02-19,usd-coin,1.0,0.0,0.0,41847466367.12,-2989338.6299972534,2576855956.82,-1651170099.4499998,1.0,1.01,1.0
2023-02-23,usd-coin,1.0,0.0,0.0,42107605596.74,-42491206.38000488,3958811439.61,130548812.82000016,1.0,1.0,1.0
2023-02-27,usd-coin,1.0,0.0,0.0,42635599773.85,69595673.76999664,2317263855.69,-260393099.71000004,1.0,1.0,1.0
2023-02-28,usd-coin,1.0,0.0,0.0,42555162070.9,-80437702.94999695,3003907471.58,686643615.8899999,1.0,1.0,1.0
2023-03-07,usd-coin,1.0,0.0,0.0,43738748396.33,-287445001.33000183,2790836169.17,389773238.4300003,1.0,1.0,1.0
2023-03-11,usd-coin,0.99,-0.01,-0.0001,42196527257.48,-1242782891.1699982,6721157881.47,3021323873.3,1.0,1.0,0.99
2023-03-15,usd-coin,1.0,0.0,0.0,38426485689.0,-1088437858.5699997,7642910538.42,-1000657471.3899994,0.97,1.0,0.97
2023-03-19,usd-coin,1.0,0.0,0.0,36372068012.46,18693018.339996334,4528223002.57,-1880566105.09,1.0,1.0,1.0
2023-03-23,usd-coin,1.01,0.01,0.0001,34883051890.35,-502685222.8000031,5956356957.33,837234614.5,1.0,1.01,1.0
2023-03-27,usd-coin,1.0,-0.01,-0.0001,33902194382.34,-234639668.22999957,3318494784.85,-355055722.8299999,1.0,1.01,1.0
2023-03-31,usd-coin,1.0,0.0,0.0,32875147350.13,-424475561.2999992,4911118167.47,686872065.5900002,1.0,1.0,1.0
2023-04-03,usd-coin,1.0,0.0,0.0,32564611321.31,19024723.229999542,2906258062.35,222920510.9699998,1.0,1.0,1.0
2023-04-07,usd-coin,1.0,0.0,0.0,32758616583.24,117658580.4600029,3784131943.89,-311618730.3700004,1.0,1.0,1.0
2023-04-11,usd-coin,1.0,0.0,0.0,32369910064.42,-248095210.23000336,3351236611.59,1016794927.4100004,1.0,1.0,1.0
2023-04-15,usd-coin,1.0,0.0,0.0,31857257937.15,-121582443.51999664,6003400109.24,1842051337.6,1.0,1.0,1.0
2023-04-19,usd-coin,1.0,0.0,0.0,31381919831.95,-249856170.00999832,4052763638.58,100973094.13000011,1.0,1.0,1.0
2023-04-23,usd-coin,1.0,0.0,0.0,30800816722.5,19587662.99000168,3156942886.71,-1842642510.17,1.0,1.0,1.0
2023-04-27,usd-coin,1.0,0.0,0.0,30761326833.91,30820413.47000122,5891072249.43,1331987702.79,1.0,1.0,1.0
2023-04-30,usd-coin,1.0,0.0,0.0,30517472541.6,11798596.199996948,3185876111.57,-2814725489.64,1.0,1.0,1.0
2023-05-03,usd-coin,1.0,0.0,0.0,30203709587.32,-197880863.5100021,4867609700.04,-1242860961.9800005,1.0,1.0,1.0
2023-05-07,usd-coin,1.0,0.0,0.0,30369654736.3,-14552859.770000458,5755380491.93,3418050602.1400003,1.0,1.0,1.0
2023-05-11,usd-coin,1.0,0.0,0.0,30071349958.65,-78852969.93999863,6161463923.37,4510785998.65,1.0,1.0,1.0
2023-05-15,usd-coin,1.0,0.0,0.0,29949809797.96,-104933962.1800003,2989475182.89,209548467.5499997,1.0,1.0,1.0
2023-05-19,usd-coin,1.0,0.0,0.0,29610494624.3,107455038.40999985,3762451401.82,-465638917.04,1.0,1.0,1.0
2023-05-23,usd-coin,1.0,0.0,0.0,29438095224.9,-111896086.29999924,2881687225.8,717546012.77,1.0,1.0,1.0
2023-05-27,usd-coin,1.0,0.0,0.0,29083852842.0,29237652.349998478,2274234965.68,-1595051231.46,1.0,1.0,1.0
2023-05-31,usd-coin,1.0,0.0,0.0,28960554486.8,-109090977.31000136,3058257262.16,-276796751.4200001,1.0,1.0,1.0
2023-06-03,usd-coin,1.0,0.0,0.0,28901643507.65,-85013248.44999695,2593679792.54,-1023212366.27,1.0,1.0,1.0
2023-06-07,usd-coin,1.0,0.0,0.0,28646537274.68,-152513585.68999863,3779784727.14,-705665393.5700002,1.0,1.0,1.0
2023-06-11,usd-coin,1.0,0.0,0.0,28357858207.58,30812195.780002598,3881210700.59,1460118576.63,1.0,1.0,1.0
2023-06-15,usd-coin,1.0,0.0,0.0,28095230727.3,-83332135.04000092,3297390554.67,1040970574.0300002,1.0,1.0,1.0
2023-06-19,usd-coin,1.0,0.0,0.0,28345755930.42,7974382.989997864,1740508815.03,-365374153.6700001,1.0,1.0,1.0
2023-06-23,usd-coin,1.0,0.0,0.0,28483323820.19,23059715.66999817,5063816975.46,-1793243858.75,1.0,1.0,1.0
2023-06-27,usd-coin,1.0,0.0,0.0,28371551696.07,-87329196.90999985,4415974585.81,2075123624.26,1.0,1.0,1.0
2023-06-30,usd-coin,1.0,0.0,0.0,27953686257.36,-169842729.86999893,3537812928.93,519390256.00999975,1.0,1.0,1.0
2023-07-03,usd-coin,1.0,0.0,0.0,27389450379.4,-2090967.9599990845,3501780765.12,312667900.9899998,1.0,1.0,1.0
2023-07-07,usd-coin,1.0,0.0,0.0,27577560159.38,-85105492.5399971,3473150803.48,947413317.02,1.0,1.0,1.0
2023-07-11,usd-coin,1.0,0.0,0.0,27383207895.86,-114706359.86999892,3692184853.92,1748623135.8300002,1.0,1.0,1.0
2023-07-15,usd-coin,1.0,0.0,0.0,27253533176.87,-126365969.19000244,5621293709.56,-1455525209.7199993,1.0,1.0,1.0
2023-07-19,usd-coin,1.0,0.0,0.0,27005085335.15,-25723189.54999924,4694774613.86,-281778197.1600008,1.0,1.0,1.0
2023-07-23,usd-coin,1.0,0.0,0.0,26847685807.49,-6062648.099998474,2817330698.06,-4025881220.74,1.0,1.0,1.0
2023-07-27,usd-coin,1.0,0.0,0.0,26602988139.91,-78225108.29999924,4436065271.88,1627928899.4,1.0,1.0,1.0
2023-07-31,usd-coin,1.0,0.0,0.0,26538644794.61,-6439717.079998016,2832065269.22,1324563069.2999997,1.0,1.0,1.0
2023-08-03,usd-coin,1.0,0.0,0.0,26193856239.25,-126412098.6100006,4492429904.38,-833677329.7399998,1.0,1.0,1.0
2023-08-07,usd-coin,1.0,0.0,0.0,26043142435.8,2781969.1899986267,1874548744.28,198840398.0999999,1.0,1.0,1.0
2023-08-11,usd-coin,1.0,0.0,0.0,26152601233.99,-131659918.73999786,2203564212.02,-813375690.7600002,1.0,1.0,1.0
2023-08-15,usd-coin,1.0,0.0,0.0,26004359971.61,-176223400.0699997,2461885540.0,780058816.03,1.0,1.0,1.0
2023-08-19,usd-coin,1.0,0.0,0.0,25990994493.25,-20728924.840000156,4443167383.3,26893181.35000038,1.0,1.0,1.0
2023-01-03,staked-ether,1199.65,14.940000000000056,0.1494000000000005,5812986113.78,78226989.25999928,12774850.54,5907957.609999999,1180.26,1199.65,1180.26
2023-01-07,staked-ether,1254.78,18.91000000000008,0.1891000000000008,6085542773.32,93172505.3899994,14482753.43,7214928.89,1199.47,1254.78,1199.47
2023-01-11,staked-ether,1325.12,14.559999999999944,0.1455999999999994,6440767360.56,69385771.38000011,10578390.8,-33280442.08,1253.75,1325.12,1253.75
2023-01-15,staked-ether,1541.94,104.09000000000016,1.0409000000000015,7505040498.84,498245883.1800003,87594283.93,68458828.35000001,1377.78,1541.94,1377.78
2023-01-19,staked-ether,1505.53,-54.059999999999945,-0.5405999999999994,7404334117.25,-206045473.57999992,39604783.58,-5876862.039999999,1540.32,1568.45,1505.53
2023-01-23,staked-ether,1624.85,5.589999999999918,0.0558999999999991,7990588480.65,28749032.469999317,22240480.21,739580.3500000015,1545.45,1655.93,1545.45
2023-01-27,staked-ether,1599.15,-14.179999999999836,-0.1417999999999983,7989636754.71,-45053731.17000008,60527595.16,20640423.26,1643.97,1643.97,1575.4
2023-01-31,staked-ether,1564.71,-80.40999999999985,-0.8040999999999986,7839174121.8,-391767659.0999994,34370731.06,13771399.060000002,1596.19,1645.12,1564.71
2023-02-03,staked-ether,1642.84,5.569999999999936,0.0556999999999993,8266851906.81,46369844.69000053,26713835.66,1292292.2800000012,1580.36,1642.84,1580.36
2023-02-07,staked-ether,1613.33,-13.420000000000073,-0.1342000000000007,8137621845.33,-96603522.11999989,12978919.52,-13462833.010000002,1660.0,1662.03,1613.33
2023-02-11,staked-ether,1513.45,-28.96000000000004,-0.2896000000000003,7695397298.79,-130198727.8199997,78651387.5,16383234.36,1670.16,1670.16,1513.45
2023-02-15,staked-ether,1556.93,50.63000000000011,0.5063000000000011,7945234017.43,268062541.2700005,9655653.84,-36657438.760000005,1546.71,1556.93,1506.3
2023-02-19,staked-ether,1689.87,-9.100000000000136,-0.0910000000000013,8700705358.78,-20054827.349998478,9830519.54,-5184487.48,1675.98,1698.97,1648.19
2023-02-23,staked-ether,1639.51,-13.970000000000027,-0.1397000000000002,8537971362.45,-26878400.529999733,39262318.44,-21586397.42,1677.63,1697.61,1639.51
2023-02-27,staked-ether,1639.41,47.350000000000136,0.4735000000000013,8959113585.28,354621312.9700012,45607769.74,31113558.93,1647.29,1647.29,1592.06
2023-02-28,staked-ether,1632.95,-6.460000000000036,-0.0646000000000003,9213179805.43,254066220.1499996,53429460.12,7821690.379999995,1632.95,1662.29,1603.77
2023-03-07,staked-ether,1566.2,2.809999999999945,0.0280999999999994,8961983355.64,24298233.329999924,11982215.81,5973458.5600000005,1568.09,1568.09,1563.39
2023-03-11,staked-ether,1428.44,-10.509999999999993,-0.1050999999999999,8232889948.89,-51955534.42000008,35543204.53,28352976.37,1562.88,1562.88,1428.44
2023-03-15,staked-ether,1699.91,27.220000000000027,0.2722000000000003,9864072285.04,180975236.88000107,65162432.43,-402190294.44,1460.07,1699.91,1460.07
2023-03-19,staked-ether,1763.44,-23.65999999999985,-0.2365999999999985,10287145155.79,-88044712.66999817,59921283.41,-30902830.90000001,1655.48,1787.1,1655.48
2023-03-23,staked-ether,1743.27,-64.56999999999994,-0.6456999999999994,10187570783.45,-358790247.22999954,37240135.81,-1819252.349999994,1804.18,1807.84,1741.56
2023-03-27,staked-ether,1770.83,18.689999999999827,0.1868999999999982,10426865074.03,161771831.6800003,13587378.76,-11698757.910000002,1813.04,1813.04,1746.33
2023-03-31,staked-ether,1788.15,-3.089999999999918,-0.0308999999999991,10521015669.53,-19831100.76999855,7691713.79,-8843127.440000001,1713.86,1791.24,1713.86
2023-04-03,staked-ether,1790.21,-26.809999999999945,-0.2680999999999994,10558499829.86,-159911761.67000008,7915934.26,-3569438.1099999994,1820.92,1820.92,1790.21
2023-04-07,staked-ether,1865.74,-39.99000000000001,-0.3999000000000001,11046114124.74,-237530006.87000084,20255931.88,-5300228.370000001,1806.83,1905.73,1806.83
2023-04-11,staked-ether,1897.56,45.309999999999945,0.4530999999999994,11271046815.94,257506933.9500008,9021392.15,-30882303.71,1856.48,1897.56,1845.1
2023-04-15,staked-ether,2097.54,86.87999999999988,0.8687999999999988,12513832146.25,562128192.7399998,36874341.86,-36143375.02,1887.83,2097.54,1887.83
2023-04-19,staked-ether,2104.17,32.88999999999987,0.3288999999999987,12709993968.13,240175041.3999996,19761122.56,-2166592.6300000027,2087.29,2134.41,2071.28
2023-04-23,staked-ether,1877.34,28.25,0.2825,11469074773.64,220060116.20999908,29931849.41,-3517102.379999999,1935.05,1937.5,1849.09
2023-04-27,staked-ether,1866.39,1.6300000000001091,0.016300000000001,11470403528.98,-8630646.840000153,15796297.97,-32543152.17,1856.71,1866.39,1840.53
2023-04-30,staked-ether,1900.73,9.319999999999936,0.0931999999999993,11792497099.54,68264977.8200016,20015443.8,8233680.32,1906.17,1906.17,1891.41
2023-05-03,staked-ether,1869.96,41.069999999999936,0.4106999999999993,11685156989.6,308284844.8299999,6483795.15,-14630283.37,1882.68,1882.68,1828.89
2023-05-07,staked-ether,1893.43,-98.36999999999988,-0.9836999999999988,11953614271.74,-602524508.9200001,11215105.09,2427135.619999999,1900.62,1991.8,1875.38
2023-05-11,staked-ether,1842.41,-2.199999999999818,-0.0219999999999981,11881654124.61,80836821.69000053,32725602.91,4029232.780000001,1894.94,1894.94,1842.41
2023-05-15,staked-ether,1797.79,1.7300000000000182,0.0173000000000001,11948616633.3,-1487464.900001526,21290659.85,12398153.740000002,1797.14,1808.25,1796.06
2023-05-19,staked-ether,1801.31,-17.279999999999973,-0.1727999999999997,11480347334.79,-9329427.179998398,12382486.56,-3054969.74,1819.79,1823.45,1801.31
2023-05-23,staked-ether,1816.99,12.160000000000082,0.1216000000000008,11851586116.11,125666516.22000122,12101923.83,3459748.630000001,1810.85,1817.27,1804.83
2023-05-27,staked-ether,1827.95,23.519999999999985,0.2351999999999998,12328689763.32,249887421.0699997,6465852.68,-236924.99000000025,1851.31,1851.31,1800.59
2023-05-31,staked-ether,1900.4,8.3900000000001,0.083900000000001,13098975639.1,145946006.26000023,6116794.59,-10361263.85,1827.92,1912.44,1827.92
2023-06-03,staked-ether,1905.93,44.99000000000001,0.4499000000000001,13417170747.44,389921510.9300003,10769899.84,-18160176.47,1873.4,1905.93,1860.94
2023-06-07,staked-ether,1881.72,70.98000000000002,0.7098000000000002,13379519056.8,542084751.0099983,20942924.92,-2794364.4099999964,1892.64,1892.64,1810.74
2023-06-11,staked-ether,1753.08,-83.22000000000003,-0.8322000000000003,12561153562.2,-589199319.6899986,92732407.74,80198850.66,1830.29,1844.53,1753.08
2023-06-15,staked-ether,1650.26,-85.0,-0.85,11875857482.39,-597408659.3299999,18863829.59,7810311.550000001,1750.77,1750.77,1650.26
2023-06-19,staked-ether,1717.35,-7.950000000000045,-0.0795000000000004,12463611506.54,-34161566.099998474,2208731.77,-13478235.05,1664.19,1725.3,1664.19
2023-06-23,staked-ether,1873.4,-18.87999999999988,-0.1887999999999988,13801461662.31,-77703838.0,3610628.09,-7171148.199999999,1732.31,1892.28,1732.31
2023-06-27,staked-ether,1858.75,-39.73000000000002,-0.3973000000000002,13768645427.43,-270857983.40999985,18441049.57,16078231.7,1891.47,1898.48,1858.75
2023-06-30,staked-ether,1853.44,25.080000000000155,0.2508000000000015,13826346817.01,203913098.67000008,1322852.59,-2297367.52,1888.54,1888.54,1828.36
2023-07-03,staked-ether,1932.88,11.940000000000056,0.1194000000000005,14555591869.75,114655472.87999916,7974715.45,-7823348.11,1933.6,1933.6,1920.94
2023-07-07,staked-ether,1855.56,-54.17000000000007,-0.5417000000000007,14077300253.32,-373232685.09000015,15185755.64,-4695022.789999999,1953.64,1953.64,1855.56
2023-07-11,staked-ether,1879.15,16.49000000000001,0.1649000000000001,14303778624.66,120021254.45999908,9202975.53,175951.76999999955,1868.82,1879.15,1862.66
2023-07-15,staked-ether,1935.58,-67.47000000000003,-0.6747000000000003,14916736320.93,-477700256.3999996,18854015.76,-1972409.1899999976,1878.38,2003.05,1872.94
2023-07-19,staked-ether,1896.01,-14.579999999999927,-0.1457999999999992,14689731096.03,-103213783.34000015,20458044.87,3265082.850000001,1930.48,1930.48,1896.01
2023-07-23,staked-ether,1858.69,-32.82999999999993,-0.3282999999999992,14454240801.06,-252423628.0200005,28769736.83,4169542.639999997,1890.21,1891.52,1858.69
2023-07-27,staked-ether,1871.91,14.690000000000056,0.1469000000000005,14680735652.07,120339272.23999976,16898693.92,13074077.760000002,1886.87,1886.87,1850.73
2023-07-31,staked-ether,1859.79,-19.62000000000012,-0.1962000000000011,14739272676.21,-126857200.83000185,67648892.1,58801242.24,1857.89,1879.41,1857.89
2023-08-03,staked-ether,1836.06,-43.16000000000008,-0.4316000000000008,14622113009.4,-222931800.9300003,43552961.49,-28931698.29,1857.55,1879.22,1836.06
2023-08-07,staked-ether,1826.24,-8.8599999999999,-0.088599999999999,14583167670.94,-57585129.27999878,26173043.14,19801449.17,1835.27,1835.27,1826.24
2023-08-11,staked-ether,1849.45,-5.909999999999855,-0.0590999999999985,14891867268.09,8837115.479999542,22500456.48,-10745133.37,1821.72,1856.8,1821.72
2023-08-15,staked-ether,1842.55,4.639999999999873,0.0463999999999987,14932196393.36,55063696.59000015,5027849.07,1411037.1800000002,1846.3,1846.71,1837.91
2023-08-19,staked-ether,1659.99,-18.539999999999964,-0.1853999999999996,13560560825.13,-139783516.54000092,25265068.44,-2288588.8999999985,1826.36,1826.36,1659.99
2023-01-03,cardano,0.25,0.0,0.0,8909442495.77,148627337.82999992,166467580.33,48459498.44000001,0.25,0.25,0.25
2023-01-07,cardano,0.28,0.01,0.0001,9774060225.66,334115246.54999924,353554254.37,167295426.09,0.25,0.28,0.25
2023-01-11,cardano,0.32,0.0,0.0,11292662260.68,170332217.29000092,445919255.68,-528495696.23,0.28,0.32,0.28
2023-01-15,cardano,0.35,0.0,0.0,12362646517.74,268848749.539999,835035759.78,424268008.1,0.32,0.35,0.32
2023-01-19,cardano,0.33,-0.0199999999999999,-0.0001999999999999,11479445709.0,-657574692.3299999,452576275.47,152098100.19000006,0.35,0.35,0.33
2023-01-23,cardano,0.38,0.01,0.0001,13229237078.19,301782918.5300007,603642881.08,-15235484.20999992,0.34,0.38,0.34
2023-01-27,cardano,0.38,0.01,0.0001,13350884665.9,243028994.6000004,462182515.74,72684540.13,0.38,0.38,0.36
2023-01-31,cardano,0.37,-0.03,-0.0003,13050686924.4,-835652515.2399998,406195562.77,71754048.64999998,0.39,0.4,0.37
2023-02-03,cardano,0.4,0.0,0.0,14004431006.11,62780604.150001526,573959331.0,67753647.13,0.39,0.4,0.39
2023-02-07,cardano,0.38,-0.01,-0.0001,13413615316.7,-371073884.7799988,341533271.4,-9445713.220000029,0.4,0.4,0.38
2023-02-11,cardano,0.36,0.0,0.0,12591878338.22,-108757085.02000046,360263656.78,-130646692.39000005,0.4,0.4,0.36
2023-02-15,cardano,0.39,0.03,0.0003,13575572016.58,953592160.1900004,498029508.59,125203107.07999998,0.37,0.39,0.36
2023-02-19,cardano,0.41,0.0,0.0,14237828858.49,46812735.97999954,322186852.74,-94890736.05,0.41,0.41,0.39
2023-02-23,cardano,0.39,0.0,0.0,13650328636.8,-86230833.67000008,394239750.17,362102.6999999881,0.4,0.4,0.39
2023-02-27,cardano,0.37,0.01,0.0001,12940252749.38,234648465.4699993,238357219.73,-56790612.93000004,0.38,0.38,0.36
2023-02-28,cardano,0.37,0.0,0.0,12807607550.17,-132645199.20999908,252916442.78,14559223.050000012,0.37,0.37,0.35
2023-03-07,cardano,0.33,-0.01,-0.0001,11606828343.0,-223556510.65999985,219304840.32,53486239.35,0.34,0.34,0.33
2023-03-11,cardano,0.32,0.01,0.0001,11089276348.22,250765456.82999992,468493562.08,24639428.089999974,0.33,0.33,0.31
2023-03-15,cardano,0.34,0.0,0.0,12090327310.89,24448868.699998856,596424616.1,-66503340.03999996,0.31,0.34,0.31
2023-03-19,cardano,0.34,-0.0099999999999999,-9.999999999999952e-05,11885994889.75,-373841769.0699997,405181332.25,-45946120.25999999,0.33,0.35,0.33
2023-03-23,cardano,0.36,-0.01,-0.0001,12707537391.71,-353871789.4200001,922448613.2,262543094.9400001,0.35,0.37,0.33
2023-03-27,cardano,0.36,0.01,0.0001,12535421606.3,102285487.43999864,272202713.07,5876785.090000004,0.37,0.37,0.35
2023-03-31,cardano,0.38,0.0,0.0,13226069415.32,-187115204.7200012,429889697.11,-107229465.73000002,0.35,0.38,0.35
2023-04-03,cardano,0.38,-0.01,-0.0001,13389440672.1,-434836917.59000015,320100355.86,-68614231.28999996,0.4,0.4,0.38
2023-04-07,cardano,0.38,-0.01,-0.0001,13463680142.9,-305308364.55000114,290787654.99,-18446669.889999986,0.39,0.39,0.38
2023-04-11,cardano,0.4,0.01,0.0001,13914326446.56,245484266.1399994,274331218.28,52072686.97999996,0.38,0.4,0.38
2023-04-15,cardano,0.44,0.01,0.0001,15375843757.43,438111486.02000046,684812256.73,183841762.38,0.4,0.44,0.4
2023-04-19,cardano,0.44,0.01,0.0001,15556085792.82,338676134.0100002,375002798.61,-109942300.72999996,0.45,0.45,0.43
2023-04-23,cardano,0.4,0.02,0.0002,13906111784.03,490381338.59000015,267477971.67,-171882439.99000004,0.42,0.42,0.38
2023-04-27,cardano,0.4,0.0,0.0,14062027692.56,241591688.01999852,520144169.29,225461690.32,0.39,0.4,0.38
2023-04-30,cardano,0.4,-0.0099999999999999,-9.999999999999952e-05,14118334309.36,-74133004.80999947,159646974.98,-86201735.09,0.41,0.41,0.4
2023-05-03,cardano,0.39,0.0,0.0,13728305157.13,160586328.6399994,208588929.09,-78710928.14000002,0.4,0.4,0.39
2023-05-07,cardano,0.38,-0.01,-0.0001,13306507398.74,-503933755.5100002,264020888.9,10834286.5,0.39,0.39,0.38
2023-05-11,cardano,0.37,0.01,0.0001,12975441604.4,236071583.65999985,365559449.69,128250752.53,0.38,0.38,0.36
2023-05-15,cardano,0.37,0.0,0.0,12996323481.3,166869803.80999947,130253982.13,-9362364.129999995,0.36,0.37,0.36
2023-05-19,cardano,0.37,-0.01,-0.0001,13082316162.33,-66267554.82999992,213667302.72,-18721085.97999999,0.37,0.38,0.37
2023-05-23,cardano,0.37,0.01,0.0001,12907417375.05,240638420.25999832,194126381.1,73103348.03,0.37,0.37,0.36
2023-05-27,cardano,0.36,0.0,0.0,12719159679.89,154153102.23999977,191311920.34,16866936.50999999,0.37,0.37,0.36
2023-05-31,cardano,0.38,0.0,0.0,13257325917.92,-37181295.209999084,199866301.76,-3266245.129999995,0.37,0.38,0.37
2023-06-03,cardano,0.38,0.01,0.0001,13262204823.14,464223512.289999,215323705.27,-33050735.76999998,0.38,0.38,0.37
2023-06-07,cardano,0.35,0.0,0.0,12399325222.33,39439507.78000069,282365546.14,-29224419.069999997,0.38,0.38,0.35
2023-06-11,cardano,0.28,-0.0199999999999999,-0.0001999999999999,9716786435.29,-601135555.0,1399405888.82,848205817.5799999,0.32,0.32,0.28
2023-06-15,cardano,0.26,-0.01,-0.0001,9220131350.38,-406049748.5799999,263220414.31,-74419403.32999998,0.27,0.28,0.26
2023-06-19,cardano,0.26,-0.01,-0.0001,9151703555.12,-207494481.09999847,142964016.46,-44075689.41,0.26,0.27,0.26
2023-06-23,cardano,0.29,0.0,0.0,10184721281.68,107326754.710001,286027475.66,-9566522.719999967,0.26,0.29,0.26
2023-06-27,cardano,0.28,-0.0099999999999999,-9.999999999999952e-05,9810691801.66,-420364220.1900005,182777350.25,-4694851.599999994,0.3,0.3,0.28
2023-06-30,cardano,0.28,0.01,0.0001,9671039073.22,314189375.9200001,180074752.08,-53055812.03,0.29,0.29,0.27
2023-07-03,cardano,0.29,0.0,0.0,10211321938.64,-13924998.409999847,175401361.3,-11792314.699999988,0.29,0.29,0.29
2023-07-07,cardano,0.28,0.0,0.0,9826837407.86,-141992116.84000015,247352215.4,50273026.53999999,0.3,0.3,0.28
2023-07-11,cardano,0.29,0.0099999999999999,9.999999999999952e-05,10076045454.93,109893684.80999948,218839799.42,66308427.42999998,0.28,0.29,0.28
2023-07-15,cardano,0.33,-0.0299999999999999,-0.0002999999999999,11514588242.71,-982314757.4900016,711521604.98,-350008245.47,0.29,0.36,0.29
2023-07-19,cardano,0.31,0.0,0.0,10734285206.64,-215628604.5300007,267786761.27,13773685.670000017,0.33,0.33,0.31
2023-07-23,cardano,0.31,0.0,0.0,10797046324.56,-173316940.72000122,161693157.56,-43956102.28999999,0.32,0.32,0.31
2023-07-27,cardano,0.31,0.01,0.0001,10741775967.63,94563118.47999954,194346560.46,28366292.0,0.32,0.32,0.3
2023-07-31,cardano,0.32,0.01,0.0001,11028996499.91,69984091.84000015,170944684.28,28100077.96000001,0.31,0.32,0.31
2023-08-03,cardano,0.3,-0.01,-0.0001,10481916364.38,-343677998.3299999,208213921.7,-34328266.25,0.31,0.31,0.3
2023-08-07,cardano,0.29,0.0,0.0,10217852028.84,-62970624.03999901,150759078.23,-6770456.480000019,0.29,0.29,0.29
2023-08-11,cardano,0.3,0.0,0.0,10375263805.25,-187416044.3799992,179477802.6,-16040871.409999996,0.29,0.3,0.29
2023-08-15,cardano,0.29,0.0,0.0,10181963472.17,46915567.34000015,129874470.4,4768173.24000001,0.29,0.29,0.29
2023-08-19,cardano,0.26,0.01,0.0001,9235485828.74,316983082.6499996,265109511.76,-75534069.98000002,0.28,0.28,0.25
2023-01-03,dogecoin,0.07,0.0,0.0,9837024174.33,194481769.3600006,494743006.27,255937726.89,0.07,0.07,0.07
2023-01-07,dogecoin,0.07,0.0,0.0,9990718873.37,147903571.3600006,417136864.93,-136857419.07999998,0.07,0.07,0.07
2023-01-11,dogecoin,0.08,0.0,0.0,10669415549.95,208490102.73000145,674692124.96,-449286108.6199999,0.07,0.08,0.07
2023-01-15,dogecoin,0.09,0.0099999999999999,9.999999999999996e-05,12068323856.61,445021233.9500008,1496087121.98,700853689.11,0.08,0.09,0.08
2023-01-19,dogecoin,0.08,0.0,0.0,11067619777.91,-381650802.2800007,1370974712.9,910606797.72,0.09,0.09,0.08
2023-01-23,dogecoin,0.09,0.0099999999999999,9.999999999999996e-05,12177828761.44,511200624.88000107,1036054578.54,106414108.70999992,0.08,0.09,0.08
2023-01-27,dogecoin,0.09,0.0,0.0,11936535128.53,-46864447.72999954,563562892.21,-124522317.76,0.09,0.09,0.08
2023-01-31,dogecoin,0.09,0.0,0.0,12117040176.65,-339025515.44000053,1105547968.23,465629762.79,0.09,0.09,0.09
2023-02-03,dogecoin,0.09,0.0,0.0,12612886676.81,-413421472.25,1050643813.89,-505111908.84,0.1,0.1,0.09
2023-02-07,dogecoin,0.09,0.0,0.0,12372298654.42,-376961172.6100006,625954709.23,-414274136.96,0.09,0.1,0.09
2023-02-11,dogecoin,0.08,0.0,0.0,11233854726.77,-41715799.819999695,678395607.52,-363642576.53,0.09,0.09,0.08
2023-02-15,dogecoin,0.08,0.0,0.0,11574352108.3,189770443.039999,546678835.75,-480316273.11,0.08,0.08,0.08
2023-02-19,dogecoin,0.09,0.0,0.0,12300072194.29,167421768.210001,528974060.97,-35862357.850000024,0.09,0.09,0.09
2023-02-23,dogecoin,0.09,0.0,0.0,11851834270.19,64513110.8900013,1022368371.16,381403619.42,0.09,0.09,0.09
2023-02-27,dogecoin,0.08,0.0,0.0,11380915237.7,210173682.73000145,333273163.55,-86854810.83999997,0.08,0.08,0.08
2023-02-28,dogecoin,0.08,0.0,0.0,11268832305.15,-112082932.55000114,353862833.58,20589670.02999997,0.08,0.08,0.08
2023-03-07,dogecoin,0.08,0.0099999999999999,9.999999999999996e-05,10386575436.27,17905602.96000099,327375362.49,72426655.49000001,0.08,0.08,0.07
2023-03-11,dogecoin,0.07,0.0,0.0,9157983427.35,7693947.739999771,578747651.28,-65050081.26999998,0.07,0.07,0.07
2023-03-15,dogecoin,0.08,0.0099999999999999,9.999999999999996e-05,10390264479.43,254670458.3999996,779326464.65,127984246.29999997,0.07,0.08,0.07
2023-03-19,dogecoin,0.07,-0.0099999999999999,-9.999999999999996e-05,10173655193.82,-452649617.9300003,671540817.36,22930706.370000005,0.07,0.08,0.07
2023-03-23,dogecoin,0.07,-0.0099999999999999,-9.999999999999996e-05,10333565114.41,-383047016.6200008,935108133.4,245928754.20999992,0.08,0.08,0.07
2023-03-27,dogecoin,0.07,0.0,0.0,10370382624.14,14620806.13999939,373620184.38,-63774348.54000002,0.08,0.08,0.07
2023-03-31,dogecoin,0.07,-0.0099999999999999,-9.999999999999996e-05,10332262482.18,-179997199.39999962,461942047.47,-70461412.32,0.07,0.08,0.07
2023-04-03,dogecoin,0.08,0.0,0.0,11000084349.53,-367722898.9299984,1141871237.68,182435043.4400001,0.08,0.08,0.08
2023-04-07,dogecoin,0.09,0.0,0.0,11885393610.29,-1097946193.1799984,1719378593.46,-161262498.3699999,0.1,0.1,0.09
2023-04-11,dogecoin,0.08,0.0,0.0,11810686440.25,242301087.48999977,751797849.73,10148398.690000055,0.08,0.08,0.08
2023-04-15,dogecoin,0.09,0.0,0.0,12328502858.23,151998774.87999916,1256516774.63,192849578.5200001,0.08,0.09,0.08
2023-04-19,dogecoin,0.09,0.0,0.0,13069406649.57,357325961.3799992,1070666858.14,-491212031.36,0.09,0.09,0.09
2023-04-23,dogecoin,0.08,0.0,0.0,11209722551.76,298876887.19000053,423816917.98,-537606015.01,0.09,0.09,0.08
2023-04-27,dogecoin,0.08,0.0,0.0,10928733830.71,-177323120.6800003,844275416.17,476147885.79,0.08,0.08,0.08
2023-04-30,dogecoin,0.08,0.0,0.0,11348765554.51,158324490.9699993,321564006.36,21437583.69,0.08,0.08,0.08
2023-05-03,dogecoin,0.08,0.0,0.0,10974896784.14,3200364.180000305,272609633.91,-114327364.72999996,0.08,0.08,0.08
2023-05-07,dogecoin,0.08,0.0,0.0,10694423821.11,-481226657.5699997,459186549.87,16776504.850000024,0.08,0.08,0.08
2023-05-11,dogecoin,0.07,0.0,0.0,10217049731.06,24041843.87999916,478420990.41,99275685.35000002,0.08,0.08,0.07
2023-05-15,dogecoin,0.07,0.0,0.0,10050043128.68,7888332.329999924,178745622.99,-25628910.44,0.07,0.07,0.07
2023-05-19,dogecoin,0.07,0.0,0.0,10279648682.12,-177288336.30999947,386800488.82,-21373911.90000004,0.07,0.07,0.07
2023-05-23,dogecoin,0.07,0.0,0.0,10195431084.94,116229750.72000122,273561863.75,88145204.97,0.07,0.07,0.07
2023-05-27,dogecoin,0.07,0.0,0.0,9919451349.82,32621458.37999916,190128438.93,-88224547.96999997,0.07,0.07,0.07
2023-05-31,dogecoin,0.07,0.0,0.0,10108554336.12,-74865881.11999893,318670764.44,113943811.35999998,0.07,0.07,0.07
2023-06-03,dogecoin,0.07,0.0,0.0,10139465318.77,148099864.39999962,227264546.38,15145550.180000007,0.07,0.07,0.07
2023-06-07,dogecoin,0.07,0.0,0.0,9831090057.91,494044549.2000008,594457278.96,-64199216.56999993,0.07,0.07,0.07
2023-06-11,dogecoin,0.06,-0.01,-0.0001,8669344083.68,-1064824528.3400002,1237091630.1,868877685.05,0.07,0.07,0.06
2023-06-15,dogecoin,0.06,0.0,0.0,8455438988.15,-174123901.75,323961646.66,59407700.47000003,0.06,0.06,0.06
2023-06-19,dogecoin,0.06,0.0,0.0,8692674732.22,-12250475.010000229,304748783.41,108000184.73000002,0.06,0.06,0.06
2023-06-23,dogecoin,0.07,0.0,0.0,9199945792.11,-4487765.090000153,467511595.93,57145261.63,0.06,0.07,0.06
2023-06-27,dogecoin,0.06,-0.01,-0.0001,9045451054.86,-298026481.6899986,288338311.49,92146338.82000002,0.07,0.07,0.06
2023-06-30,dogecoin,0.06,0.0,0.0,8888670976.84,124633279.88000108,216415430.19,-77480674.13,0.07,0.07,0.06
2023-07-03,dogecoin,0.07,0.0,0.0,9511230961.14,-59442751.0,433381418.92,-145428775.28000003,0.07,0.07,0.07
2023-07-07,dogecoin,0.07,0.0,0.0,9142434055.6,-248593424.6999989,283315471.97,-30923312.139999986,0.07,0.07,0.07
2023-07-11,dogecoin,0.07,0.0,0.0,9130930488.97,-25480623.829999924,276390972.07,126731715.32,0.07,0.07,0.07
2023-07-15,dogecoin,0.07,0.0,0.0,9581089176.66,-276698583.04999924,694024160.26,-83437373.88,0.07,0.07,0.07
2023-07-19,dogecoin,0.07,0.0,0.0,9612362018.77,-195511262.6299992,309741946.66,-211145491.71,0.07,0.07,0.07
2023-07-23,dogecoin,0.07,0.0,0.0,9875425660.83,-413035641.3799992,445894289.22,-502610777.89,0.07,0.07,0.07
2023-07-27,dogecoin,0.08,0.0,0.0,10938851177.18,-528913197.1199989,1047480835.97,-728999279.0799999,0.07,0.08,0.07
2023-07-31,dogecoin,0.08,0.0,0.0,10969575181.05,-297311353.4000015,521442769.92,-49760134.59999997,0.08,0.08,0.08
2023-08-03,dogecoin,0.07,-0.0099999999999999,-9.999999999999996e-05,10419601111.72,-505963401.0799999,437878805.33,-13509344.199999988,0.08,0.08,0.07
2023-08-07,dogecoin,0.07,-0.0099999999999999,-9.999999999999996e-05,10417875379.23,-197640328.38000107,369057587.5,-169976252.26999998,0.07,0.08,0.07
2023-08-11,dogecoin,0.08,0.0,0.0,10641945541.16,45171153.47999954,399366004.77,29617850.28999996,0.07,0.08,0.07
2023-08-15,dogecoin,0.07,0.0,0.0,10515116058.05,11161855.259998322,433958600.07,108427769.24,0.08,0.08,0.07
2023-08-19,dogecoin,0.06,0.0,0.0,8883843143.31,293138254.3999996,586152864.13,-289260139.41,0.07,0.07,0.06
2023-01-03,solana,11.27,1.299999999999999,0.0129999999999999,4150541190.5,480195292.8699999,612350127.51,391980522.98,9.96,11.27,9.96
2023-01-07,solana,13.52,0.08,0.0008,4984816083.87,41239686.43999958,488298544.71,-108971167.06,13.36,13.52,13.36
2023-01-11,solana,16.2,-0.1000000000000014,-0.001,6001548952.67,-30407064.36999989,854036815.49,-1035401652.8,13.09,16.3,13.09
2023-01-15,solana,24.3,6.02,0.0602,9066218089.52,2298666122.17,4130184710.83,2909107942.63,16.46,24.3,16.46
2023-01-19,solana,20.86,-2.02,-0.0201999999999999,7710048711.62,-815461493.8400002,1543991743.3,510441981.17,22.84,23.59,20.86
2023-01-23,solana,24.27,-0.4000000000000021,-0.004,9004757973.45,-138969565.1799984,970991825.31,-1125634207.94,21.41,25.58,21.41
2023-01-27,solana,24.36,-0.3000000000000007,-0.003,9052529628.3,-99382605.01000024,811737989.69,-577824432.9199998,24.43,24.66,22.79
2023-01-31,solana,23.96,-2.219999999999999,-0.0221999999999999,8894199458.03,-829181413.3999996,1111636437.09,24794707.23000002,24.41,26.18,23.96
2023-02-03,solana,24.32,-0.6600000000000001,-0.0066,9062290851.69,-233303830.30999947,1066576080.93,49498247.05999994,23.96,24.98,23.96
2023-02-07,solana,22.72,-0.7900000000000027,-0.0079,8463616399.33,-311836835.0699997,463322357.87,-175258597.05999994,24.69,24.69,22.72
2023-02-11,solana,20.12,-0.3200000000000003,-0.0032,7582538971.72,-92275973.25,684166038.49,-124562379.16999996,23.9,23.9,20.12
2023-02-15,solana,21.85,1.0700000000000005,0.0107,8222948441.26,418822439.4099999,850945955.58,127824377.60000002,20.84,21.85,20.78
2023-02-19,solana,23.45,0.259999999999998,0.0025999999999999,8864240990.71,106430532.9299984,411412105.67,-254891616.59,23.89,23.89,22.34
2023-02-23,solana,24.17,-0.75,-0.0075,9148040150.61,-261966421.4499989,1006550896.11,35446800.09000003,24.81,26.04,24.17
2023-02-27,solana,23.23,0.8200000000000003,0.0082,8789815699.85,328690007.52000046,447765032.42,-135016450.68,23.92,23.92,22.41
2023-02-28,solana,22.69,-0.5399999999999991,-0.0053999999999999,8589782940.91,-200032758.94000053,515693154.22,67928121.80000001,22.69,22.69,21.92
2023-03-07,solana,20.63,-0.370000000000001,-0.0037,7891217439.15,-121844895.39000034,325982714.81,56546802.110000014,21.41,21.41,20.63
2023-03-11,solana,18.21,0.8800000000000026,0.0088,7004462520.1,389366924.89000034,988470037.04,170936947.99,20.27,20.27,17.33
2023-03-15,solana,20.98,0.6000000000000014,0.006,8029661085.94,207683453.1899996,1216812986.39,101427365.24,18.07,20.98,18.07
2023-03-19,solana,21.32,-0.3200000000000003,-0.0032,8167246753.17,-131698113.10000038,984171481.07,237604251.7700001,19.34,21.64,19.34
2023-03-23,solana,21.58,-1.16,-0.0116,8277163932.32,-441788405.3600006,914736382.95,188772355.36,22.02,22.74,21.58
2023-03-27,solana,20.98,0.3900000000000005,0.0039,8079229951.4,177651927.04999924,326327791.34,-60745688.03000003,22.31,22.31,20.59
2023-03-31,solana,20.57,-0.5599999999999987,-0.0055999999999999,7919320174.47,-202821502.0,532520991.04,110352639.21000004,19.96,21.13,19.96
2023-04-03,solana,20.57,-0.509999999999998,-0.0050999999999999,7929638196.33,-204081823.46000004,250939723.33,-1008862.099999994,21.21,21.21,20.57
2023-04-07,solana,20.61,-0.370000000000001,-0.0037,7980951367.93,-158829375.5,271953094.79,-89925097.75999999,20.44,20.98,20.44
2023-04-11,solana,20.88,0.5799999999999983,0.0057999999999999,8111384994.39,224922596.7300005,243051082.77,47398411.360000014,20.48,20.88,20.04
2023-04-15,solana,24.77,0.3399999999999998,0.0033999999999999,9705804479.08,139041506.01000023,825834920.56,159768100.4699999,23.01,24.77,23.01
2023-04-19,solana,24.83,0.25,0.0025,9739599132.26,116000963.69000052,558944406.03,-351651362.6700001,24.08,25.3,24.08
2023-04-23,solana,21.85,0.5899999999999999,0.0058999999999999,8584446324.23,250556014.8999996,249197740.84,-278457881.32000005,22.67,22.67,21.26
2023-04-27,solana,21.26,-0.6799999999999997,-0.0067999999999999,8354008434.67,-263134501.6800003,778775424.11,368998212.43,21.5,21.94,21.26
2023-04-30,solana,23.13,-0.240000000000002,-0.0024,9092156212.49,-116315177.82999992,419332790.79,-151991866.37999994,22.34,23.37,22.34
2023-05-03,solana,22.26,0.25,0.0025,8773546966.16,121734986.22999954,326717891.15,-179121880.26000005,23.0,23.0,22.01
2023-05-07,solana,21.99,-0.8300000000000018,-0.0083,8661587000.94,-337420583.2799988,387964991.34,-107527877.92000002,22.22,22.82,21.74
2023-05-11,solana,20.98,0.3200000000000003,0.0032,8287539919.55,122745015.98999976,525984506.47,207004185.5,22.0,22.0,20.66
2023-05-15,solana,20.94,0.0400000000000027,0.0004,8280978190.93,-16732341.179999352,211874592.44,-40245312.94,20.25,20.94,20.25
2023-05-19,solana,20.35,-0.7099999999999973,-0.0070999999999999,8061536789.17,-280332010.8800001,325479692.17,-7318793.319999993,21.04,21.06,20.35
2023-05-23,solana,19.56,-0.0700000000000002,-0.0007,7749799385.6,-33913039.90999985,245317080.65,8451522.640000015,20.35,20.35,19.56
2023-05-27,solana,19.37,0.1099999999999994,0.0010999999999999,7676617783.53,50402018.119999886,181186113.21,-49864239.70999998,20.05,20.05,19.21
2023-05-31,solana,21.25,0.6799999999999997,0.0067999999999999,8420948536.26,258419711.1800003,390015607.57,126538931.69,20.41,21.25,20.41
2023-06-03,solana,21.26,0.75,0.0075,8440560224.31,305350668.32000065,262878676.05,33257707.070000023,20.82,21.26,20.51
2023-06-07,solana,20.4,0.3200000000000003,0.0032,8102758544.85,109484930.5,490820421.98,-172295615.07999992,21.15,21.87,20.08
2023-06-11,solana,15.71,-1.6099999999999994,-0.0160999999999999,6262620811.88,-627798796.2600002,1409006890.34,897048491.28,18.65,18.92,15.71
2023-06-15,solana,14.51,-0.4900000000000002,-0.0049,5789069977.26,-186700732.92999932,327310831.83,-76024396.12,15.55,15.55,14.51
2023-06-19,solana,15.43,-0.200000000000001,-0.002,6170109454.95,-76110471.88000011,155673889.37,-62334919.94,14.74,15.63,14.74
2023-06-23,solana,16.65,-0.610000000000003,-0.0061,6663990154.56,-239171177.6099997,295506781.44,-19761650.44,16.04,17.26,16.04
2023-06-27,solana,16.28,-0.6799999999999997,-0.0067999999999999,6497000673.69,-288841963.6500006,246629750.07,33737738.150000006,17.1,17.1,16.28
2023-06-30,solana,18.0,2.0,0.02,7187331652.67,783731029.1800003,635900925.95,334198180.74000007,16.6,18.0,16.0
2023-07-03,solana,19.45,0.8399999999999999,0.0083999999999999,7792444090.13,354947108.5500002,474851803.79,194133104.22000003,18.93,19.45,18.61
2023-07-07,solana,19.92,0.9500000000000028,0.0095,8013479115.46,393786395.7799997,849101386.55,614196531.13,19.21,19.92,18.97
2023-07-11,solana,21.3,-0.0500000000000007,-0.0005,8559664093.1,-35340327.77000046,508301719.14,143777499.34999996,21.44,21.9,21.3
2023-07-15,solana,26.71,0.7200000000000024,0.0072,10743046575.08,332153789.1100006,2112669368.83,921083351.3,22.07,26.71,22.0
2023-07-19,solana,25.53,-1.3299999999999983,-0.0132999999999999,10269805534.15,-546807902.8900013,690701365.24,-317556706.96000004,27.35,27.37,25.53
2023-07-23,solana,24.46,-1.129999999999999,-0.0112999999999999,9872947825.24,-473750845.27000046,325886121.22,-100899828.70999998,26.35,26.35,24.46
2023-07-27,solana,25.15,1.879999999999999,0.0187999999999999,10171319431.28,775443971.7900009,682755887.44,320699579.81000006,24.77,25.15,23.27
2023-07-31,solana,24.27,-0.9000000000000021,-0.009,9816173591.43,-362788802.94999886,354202895.0,88200158.44999999,25.09,25.17,24.27
2023-08-03,solana,23.13,-0.8000000000000007,-0.008,9376125922.1,-287503416.6499996,426945357.69,-6984695.25,23.76,23.93,23.13
2023-08-07,solana,23.16,0.5300000000000011,0.0053,9384285772.44,228794153.51000023,338171013.51,81800342.44999999,22.65,23.16,22.63
2023-08-11,solana,24.62,0.240000000000002,0.0024,9982518848.6,87820012.51000023,352124557.45,-105915123.04000002,23.05,24.62,23.05
2023-08-15,solana,25.15,0.9299999999999996,0.0092999999999999,10211324982.84,371770240.1499996,388025853.45,109843762.01,24.58,25.15,24.22
2023-08-19,solana,21.33,-0.3200000000000003,-0.0032,8681695608.58,-151680181.79999924,412220153.69,-244192374.48999995,23.88,23.88,21.33
