date,id,prices,price_diff,market_caps,market_caps_diff,total_volumes,total_volumes_diff,open,high,low
2013-12-15,dogecoin,0.0,,3488670.0,,0.0,,0.0,0.0,0.0
2013-12-19,dogecoin,0.0,0.0,4299422.0,2107435.0,0.0,0.0,0.0,0.0,0.0
2013-12-23,dogecoin,0.0,0.0,4022744.0,-616822.0,0.0,0.0,0.0,0.0,0.0
2013-12-27,dogecoin,0.0,0.0,8200082.0,185308.0,408643.0,408643.0,0.0,0.0,0.0
2013-12-31,dogecoin,0.0,0.0,7902574.0,327345.0,307971.0,-19051.0,0.0,0.0,0.0
2014-01-03,dogecoin,0.0,0.0,6394233.0,-444209.0,329196.0,45040.0,0.0,0.0,0.0
2014-01-07,dogecoin,0.0,0.0,5332465.0,-339662.0,217425.0,-45842.0,0.0,0.0,0.0
2014-01-11,dogecoin,0.0,0.0,9161328.0,3058308.0,566763.0,255800.0,0.0,0.0,0.0
2014-01-15,dogecoin,0.0,0.0,9844536.0,1973411.0,609000.0,201449.0,0.0,0.0,0.0
2014-01-19,dogecoin,0.0,0.0,18232457.0,5241393.0,2988120.0,2259288.0,0.0,0.0,0.0
2014-01-23,dogecoin,0.0,0.0,52823305.0,-7618348.0,5292870.0,-3136180.0,0.0,0.0,0.0
2014-01-27,dogecoin,0.0,0.0,60497921.0,-3918691.0,4380960.0,1381860.0,0.0,0.0,0.0
2014-01-31,dogecoin,0.0,0.0,61487388.0,3477652.0,1761990.0,-553210.0,0.0,0.0,0.0
2014-02-03,dogecoin,0.0,0.0,56370074.0,-2369613.0,2666580.0,1587670.0,0.0,0.0,0.0
2014-02-07,dogecoin,0.0,0.0,50710726.0,-7480612.0,1300450.0,-1258240.0,0.0,0.0,0.0
2014-02-11,dogecoin,0.0,0.0,77721495.0,21216161.0,5329270.0,1449690.0,0.0,0.0,0.0
2014-02-15,dogecoin,0.0,0.0,73684156.0,-7199128.0,5157380.0,-1632990.0,0.0,0.0,0.0
2014-02-19,dogecoin,0.0,0.0,71588924.0,1698510.0,2543810.0,733350.0,0.0,0.0,0.0
2014-02-23,dogecoin,0.0,0.0,64053895.0,-3019541.0,2717000.0,1359050.0,0.0,0.0,0.0
2014-02-27,dogecoin,0.0,0.0,63692978.0,2605624.0,1653380.0,-1175230.0,0.0,0.0,0.0
2014-02-28,dogecoin,0.0,0.0,59450344.0,-4242634.0,1520760.0,-132620.0,0.0,0.0,0.0
2014-03-07,dogecoin,0.0,0.0,57991280.0,-3125366.0,1115930.0,-85760.0,0.0,0.0,0.0
2014-03-11,dogecoin,0.0,0.0,46340580.0,-4729148.0,1512960.0,102420.0,0.0,0.0,0.0
2014-03-15,dogecoin,0.0,0.0,52259118.0,-163491.0,981617.0,-1052693.0,0.0,0.0,0.0
2014-03-19,dogecoin,0.0,0.0,48558380.0,1437488.0,1404530.0,-36050.0,0.0,0.0,0.0
2014-03-23,dogecoin,0.0,0.0,43003981.0,-363992.0,721895.0,-1437225.0,0.0,0.0,0.0
2014-03-27,dogecoin,0.0,0.0,35187414.0,-6105768.0,1466000.0,640431.0,0.0,0.0,0.0
2014-03-31,dogecoin,0.0,0.0,33070834.0,-1715629.0,1380130.0,-44950.0,0.0,0.0,0.0
2014-04-03,dogecoin,0.0,0.0,29951047.0,1394060.0,1151820.0,-233740.0,0.0,0.0,0.0
2014-04-07,dogecoin,0.0,0.0,31320075.0,136536.0,781320.0,80312.0,0.0,0.0,0.0
2014-04-11,dogecoin,0.0,0.0,30552384.0,6564423.0,1096790.0,234526.0,0.0,0.0,0.0
2014-04-15,dogecoin,0.0,0.0,41542471.0,9064692.0,2503670.0,1087110.0,0.0,0.0,0.0
2014-04-19,dogecoin,0.0,0.0,46564361.0,2325082.0,1622690.0,111340.0,0.0,0.0,0.0
2014-04-23,dogecoin,0.0,0.0,41808110.0,-1153241.0,382004.42,80483.44,0.0,0.0,0.0
2014-04-27,dogecoin,0.0,0.0,32876233.0,-2217764.0,379467.39,-82436.90999999997,0.0,0.0,0.0
2014-04-30,dogecoin,0.0,0.0,37748840.0,560359.0,584361.87,-105318.83999999997,0.0,0.0,0.0
2014-05-03,dogecoin,0.0,0.0,35050657.0,-1430846.0,242558.58,-18209.180000000022,0.0,0.0,0.0
2014-05-07,dogecoin,0.0,0.0,36156076.0,1312737.0,320111.22,-46095.880000000005,0.0,0.0,0.0
2014-05-11,dogecoin,0.0,0.0,35195735.0,-1613856.0,206683.93,-43151.830000000016,0.0,0.0,0.0
2014-05-15,dogecoin,0.0,0.0,35383915.0,-25230.0,321964.64,86287.15000000002,0.0,0.0,0.0
2014-05-19,dogecoin,0.0,0.0,34833347.0,-291847.0,194345.64,12880.5,0.0,0.0,0.0
2014-05-23,dogecoin,0.0,0.0,32665535.0,-645348.0,579951.44,-67481.12000000011,0.0,0.0,0.0
2014-05-27,dogecoin,0.0,0.0,31669883.0,-408675.0,305845.05,-82611.29000000004,0.0,0.0,0.0
2014-05-31,dogecoin,0.0,0.0,27234154.0,-568773.0,357018.86,-159729.84000000003,0.0,0.0,0.0
2014-06-03,dogecoin,0.0,0.0,31208320.0,-681074.0,318497.34,-82330.38999999996,0.0,0.0,0.0
2014-06-07,dogecoin,0.0,0.0,29872119.0,442442.0,170187.8,-48950.94,0.0,0.0,0.0
2014-06-11,dogecoin,0.0,0.0,34122257.59,2758918.330000002,596746.16,340435.3300000001,0.0,0.0,0.0
2014-06-15,dogecoin,0.0,0.0,30392093.42,755414.5400000028,139572.23,-13276.359999999986,0.0,0.0,0.0
2014-06-19,dogecoin,0.0,0.0,29182525.02,40020.25,176623.78,54707.55,0.0,0.0,0.0
2014-06-23,dogecoin,0.0,0.0,27389246.58,-516503.55000000075,413141.79,222949.61999999997,0.0,0.0,0.0
2014-06-27,dogecoin,0.0,0.0,24562856.2,-353002.65000000224,197491.24,-62850.01000000001,0.0,0.0,0.0
2014-06-30,dogecoin,0.0,0.0,22620058.22,150992.2599999979,227941.48,60829.48000000001,0.0,0.0,0.0
2014-07-03,dogecoin,0.0,0.0,18442890.22,-456817.58000000194,217146.34,-90988.43000000002,0.0,0.0,0.0
2014-07-07,dogecoin,0.0,0.0,19241382.33,-755847.1500000022,112643.63,-52443.53,0.0,0.0,0.0
2014-07-11,dogecoin,0.0,0.0,23292991.12,263256.47000000253,161189.68,-146180.02000000002,0.0,0.0,0.0
2014-07-15,dogecoin,0.0,0.0,21606348.89,-412793.2599999979,137313.95,5655.440000000002,0.0,0.0,0.0
2014-07-19,dogecoin,0.0,0.0,20941969.28,-542447.4800000004,84045.55,-64077.83,0.0,0.0,0.0
2014-07-23,dogecoin,0.0,0.0,19566096.59,510846.1099999994,112857.89,-103928.56000000001,0.0,0.0,0.0
2014-07-27,dogecoin,0.0,0.0,19205604.43,1193933.0700000003,117616.92,55243.93,0.0,0.0,0.0
2014-07-31,dogecoin,0.0,0.0,18351207.31,992618.7599999979,73056.81,-8014.610000000001,0.0,0.0,0.0
2014-08-03,dogecoin,0.0,0.0,17817819.16,-509639.33999999985,73882.23,24200.859999999993,0.0,0.0,0.0
2014-08-07,dogecoin,0.0,0.0,15927072.23,-50008.5700000003,116049.93,-4585.770000000004,0.0,0.0,0.0
2014-08-11,dogecoin,0.0,0.0,12680094.37,-688445.6000000015,92772.94,19838.729999999996,0.0,0.0,0.0
2014-08-15,dogecoin,0.0,0.0,10643977.02,-2397078.42,227240.57,128366.66,0.0,0.0,0.0
2014-08-19,dogecoin,0.0,0.0,10390146.68,833827.0800000001,78619.9,-28639.520000000004,0.0,0.0,0.0
2014-08-23,dogecoin,0.0,0.0,10765089.17,-481510.72000000067,46313.59,-26074.790000000008,0.0,0.0,0.0
2014-08-27,dogecoin,0.0,0.0,12529410.85,-1043136.040000001,98007.9,-287088.1,0.0,0.0,0.0
2014-08-31,dogecoin,0.0,0.0,12088267.46,-100377.52999999933,93316.47,51100.26,0.0,0.0,0.0
2014-09-03,dogecoin,0.0,0.0,12534228.08,758905.6699999999,82364.12,31673.209999999992,0.0,0.0,0.0
2014-09-07,dogecoin,0.0,0.0,17152207.23,-1832945.919999998,240019.19,-316622.83,0.0,0.0,0.0
2014-09-11,dogecoin,0.0,0.0,19095296.45,1946375.6600000001,255972.26,85777.74000000002,0.0,0.0,0.0
2014-09-15,dogecoin,0.0,0.0,30037998.13,-646530.5899999999,1501571.52,-1533956.88,0.0,0.0,0.0
2014-09-19,dogecoin,0.0,0.0,25443765.22,-1871852.8100000024,804693.46,-1300170.25,0.0,0.0,0.0
2014-09-23,dogecoin,0.0,0.0,28984820.34,1838214.169999998,663237.55,107265.63,0.0,0.0,0.0
2014-09-27,dogecoin,0.0,0.0,35100938.85,-6645131.979999997,2787548.08,-1824148.2400000002,0.0,0.0,0.0
2014-09-30,dogecoin,0.0,0.0,37325500.55,617178.5,669288.98,-411010.5,0.0,0.0,0.0
2014-10-03,dogecoin,0.0,0.0,30060456.75,-921228.8000000007,1042460.69,-181805.66000000015,0.0,0.0,0.0
2014-10-07,dogecoin,0.0,0.0,27551638.97,11420.709999997169,951136.92,-265692.22999999986,0.0,0.0,0.0
2014-10-11,dogecoin,0.0,0.0,26166755.84,917968.2399999984,379348.19,-56237.5,0.0,0.0,0.0
2014-10-15,dogecoin,0.0,0.0,25593162.21,-1064817.669999998,651654.57,188036.97999999992,0.0,0.0,0.0
2014-10-19,dogecoin,0.0,0.0,22477499.65,-1589200.5,228354.6,-43278.50999999998,0.0,0.0,0.0
2014-10-23,dogecoin,0.0,0.0,23219051.94,-743967.3699999973,627352.88,-333715.56999999995,0.0,0.0,0.0
2014-10-27,dogecoin,0.0,0.0,23472268.65,45227.359999999404,211222.94,-79773.03999999998,0.0,0.0,0.0
2014-10-31,dogecoin,0.0,0.0,22343785.77,-354932.8900000006,148522.95,-106694.75999999998,0.0,0.0,0.0
2014-11-03,dogecoin,0.0,0.0,20322681.99,-461873.25,233688.27,93179.19999999998,0.0,0.0,0.0
2014-11-07,dogecoin,0.0,0.0,20659065.83,-876848.8600000031,203420.61,-208866.88,0.0,0.0,0.0
2014-11-11,dogecoin,0.0,0.0,21023463.11,249567.5799999982,231815.52,-85193.25000000003,0.0,0.0,0.0
2014-11-15,dogecoin,0.0,0.0,21529183.87,-1170661.3299999982,246302.7,-115795.25,0.0,0.0,0.0
2014-11-19,dogecoin,0.0,0.0,20451033.55,120488.41000000015,220388.73,-36006.919999999984,0.0,0.0,0.0
2014-11-23,dogecoin,0.0,0.0,24152764.96,3699585.1999999993,936846.05,680915.89,0.0,0.0,0.0
2014-11-27,dogecoin,0.0,0.0,23352986.53,868202.0899999999,480839.47,-16446.130000000005,0.0,0.0,0.0
2014-11-30,dogecoin,0.0,0.0,23241176.37,15920.240000002086,132815.44,-72295.93,0.0,0.0,0.0
2014-12-03,dogecoin,0.0,0.0,22702210.09,-200654.51000000164,251500.26,15346.020000000019,0.0,0.0,0.0
2014-12-07,dogecoin,0.0,0.0,21951208.0,-97286.4299999997,294342.67,-92024.44,0.0,0.0,0.0
2014-12-11,dogecoin,0.0,0.0,19734668.07,-398265.51999999955,380054.38,-20334.96000000002,0.0,0.0,0.0
2014-12-15,dogecoin,0.0,0.0,18109618.48,-668328.1499999985,454097.42,48834.58999999997,0.0,0.0,0.0
2014-12-19,dogecoin,0.0,0.0,18733388.02,1772206.460000001,1062975.76,500308.05000000005,0.0,0.0,0.0
2014-12-23,dogecoin,0.0,0.0,18786035.87,-58139.539999999106,406501.35,-18843.99000000005,0.0,0.0,0.0
2014-12-27,dogecoin,0.0,0.0,17705016.71,-807947.5700000003,300484.82,16662.29999999999,0.0,0.0,0.0
2014-12-31,dogecoin,0.0,0.0,18033009.21,710252.1799999997,299309.24,-56500.54999999999,0.0,0.0,0.0
2015-01-03,dogecoin,0.0,0.0,16323200.16,-1524127.669999998,270052.24,-93689.5,0.0,0.0,0.0
2015-01-07,dogecoin,0.0,0.0,16889825.7,441362.13999999873,384231.55,96288.22999999998,0.0,0.0,0.0
2015-01-11,dogecoin,0.0,0.0,15651426.83,-295994.1300000008,131901.77,-172974.98,0.0,0.0,0.0
2015-01-15,dogecoin,0.0,0.0,13701628.58,2570278.0999999996,755070.82,191127.22999999998,0.0,0.0,0.0
2015-01-19,dogecoin,0.0,0.0,13712589.63,237428.41999999993,350070.51,81302.22999999998,0.0,0.0,0.0
2015-01-23,dogecoin,0.0,0.0,15223921.24,86932.0700000003,285970.87,-90108.12,0.0,0.0,0.0
2015-01-27,dogecoin,0.0,0.0,15591744.72,-371098.20999999903,502940.45,-141847.13999999996,0.0,0.0,0.0
2015-01-31,dogecoin,0.0,0.0,13540511.95,-345013.3300000001,204444.55,21349.819999999978,0.0,0.0,0.0
2015-02-03,dogecoin,0.0,0.0,14282973.18,-485488.2000000011,261213.67,105351.78,0.0,0.0,0.0
2015-02-07,dogecoin,0.0,0.0,14217880.83,93850.56000000052,76616.01,6036.779999999999,0.0,0.0,0.0
2015-02-11,dogecoin,0.0,0.0,13580705.44,-133620.77000000142,67361.08,4303.669999999998,0.0,0.0,0.0
2015-02-15,dogecoin,0.0,0.0,13857226.32,-924367.3399999999,156292.86,10606.76999999999,0.0,0.0,0.0
2015-02-19,dogecoin,0.0,0.0,14168271.51,302145.9399999995,38738.56,-8344.350000000006,0.0,0.0,0.0
2015-02-23,dogecoin,0.0,0.0,13835316.03,61955.569999998435,39948.09,1329.5,0.0,0.0,0.0
2015-02-27,dogecoin,0.0,0.0,14342974.58,337578.3599999994,121026.01,61290.219999999994,0.0,0.0,0.0
2015-02-28,dogecoin,0.0,0.0,14231008.09,-111966.49000000022,63101.3,-57924.70999999999,0.0,0.0,0.0
2015-03-07,dogecoin,0.0,0.0,13822358.83,-28443.18999999948,30458.77,-13153.66,0.0,0.0,0.0
2015-03-11,dogecoin,0.0,0.0,14110525.06,405618.5999999996,99079.84,9804.369999999995,0.0,0.0,0.0
2015-03-15,dogecoin,0.0,0.0,13957425.78,-91549.7100000009,63421.23,-34918.159999999996,0.0,0.0,0.0
2015-03-19,dogecoin,0.0,0.0,13181321.93,258342.75999999978,101730.95,-17746.210000000006,0.0,0.0,0.0
2015-03-23,dogecoin,0.0,0.0,13490933.09,446371.6199999992,154789.49,33221.73999999999,0.0,0.0,0.0
2015-03-27,dogecoin,0.0,0.0,12586160.7,-377528.36000000127,35617.3,-19809.259999999995,0.0,0.0,0.0
2015-03-31,dogecoin,0.0,0.0,12303088.05,-156624.33999999985,54705.52,14784.609999999993,0.0,0.0,0.0
2015-04-03,dogecoin,0.0,0.0,12572282.1,19016.599999999627,37501.01,-1786.8899999999994,0.0,0.0,0.0
2015-04-07,dogecoin,0.0,0.0,11945548.69,-226369.65000000037,36241.49,-2775.8800000000047,0.0,0.0,0.0
2015-04-11,dogecoin,0.0,0.0,11270668.17,162326.1799999997,34875.41,-20969.809999999998,0.0,0.0,0.0
2015-04-15,dogecoin,0.0,0.0,10429463.01,309337.5600000005,52107.5,-17468.960000000006,0.0,0.0,0.0
2015-04-19,dogecoin,0.0,0.0,10508777.04,69149.19999999925,29533.4,7740.830000000002,0.0,0.0,0.0
2015-04-23,dogecoin,0.0,0.0,10806295.49,-72809.69999999925,51430.0,-14120.580000000002,0.0,0.0,0.0
2015-04-27,dogecoin,0.0,0.0,10351703.8,530223.1400000006,72033.55,4562.979999999996,0.0,0.0,0.0
2015-04-30,dogecoin,0.0,0.0,10192849.69,419305.83999999985,54144.81,14539.93,0.0,0.0,0.0
2015-05-03,dogecoin,0.0,0.0,9009657.11,-699260.9700000007,85958.37,32894.74999999999,0.0,0.0,0.0
2015-05-07,dogecoin,0.0,0.0,8832717.25,203778.7899999991,34793.82,-7688.220000000001,0.0,0.0,0.0
2015-05-11,dogecoin,0.0,0.0,9034125.9,-4807.859999999404,51278.71,4706.3499999999985,0.0,0.0,0.0
2015-05-15,dogecoin,0.0,0.0,11930212.87,622014.1199999992,158610.23,-41657.84999999998,0.0,0.0,0.0
2015-05-19,dogecoin,0.0,0.0,11839813.75,389837.4900000002,222206.08,161842.40999999997,0.0,0.0,0.0
2015-05-23,dogecoin,0.0,0.0,13800130.08,-161288.22000000067,389118.53,124494.83000000002,0.0,0.0,0.0
2015-05-27,dogecoin,0.0,0.0,18166714.64,2213418.6100000013,327968.1,-89451.55000000005,0.0,0.0,0.0
2015-05-31,dogecoin,0.0,0.0,15279410.26,-783795.9600000009,342078.35,-152928.35000000003,0.0,0.0,0.0
2015-06-03,dogecoin,0.0,0.0,15040584.85,-798326.4900000002,406127.52,-392906.05999999994,0.0,0.0,0.0
2015-06-07,dogecoin,0.0,0.0,15192897.56,-501792.19999999925,23974.74,-119762.36999999998,0.0,0.0,0.0
2015-06-11,dogecoin,0.0,0.0,15480022.32,91605.78000000119,116433.67,-52123.56999999999,0.0,0.0,0.0
2015-06-15,dogecoin,0.0,0.0,16657423.19,285304.6799999997,142225.02,-154572.06000000003,0.0,0.0,0.0
2015-06-19,dogecoin,0.0,0.0,19936451.57,-296049.7599999979,852936.84,116278.90000000002,0.0,0.0,0.0
2015-06-23,dogecoin,0.0,0.0,18645970.4,-1130116.0200000033,262991.14,229588.86000000002,0.0,0.0,0.0
2015-06-27,dogecoin,0.0,0.0,19635731.54,1499804.5599999987,306811.45,135360.81,0.0,0.0,0.0
2015-06-30,dogecoin,0.0,0.0,19818139.96,-196968.8200000003,416142.76,92077.52000000002,0.0,0.0,0.0
2015-07-03,dogecoin,0.0,0.0,18950262.5,-26369.789999999106,27820.24,7753.890000000003,0.0,0.0,0.0
2015-07-07,dogecoin,0.0,0.0,18798058.1,-165765.12999999896,233202.25,-183806.06,0.0,0.0,0.0
2015-07-11,dogecoin,0.0,0.0,19362556.13,-825676.1400000006,406779.09,-1057378.23,0.0,0.0,0.0
2015-07-15,dogecoin,0.0,0.0,18522350.64,-1413135.5899999999,192358.42,-116481.31999999998,0.0,0.0,0.0
2015-07-19,dogecoin,0.0,0.0,16957663.39,-873115.5899999999,153786.08,127227.18999999999,0.0,0.0,0.0
2015-07-23,dogecoin,0.0,0.0,17786311.15,-565349.25,153591.49,-124182.83000000002,0.0,0.0,0.0
2015-07-27,dogecoin,0.0,0.0,18785692.69,4879.630000002682,108958.76,29999.339999999997,0.0,0.0,0.0
2015-07-31,dogecoin,0.0,0.0,18483975.01,94210.49000000209,136603.0,67926.23,0.0,0.0,0.0
2015-08-03,dogecoin,0.0,0.0,17518772.9,157704.59999999776,119250.62,71746.29,0.0,0.0,0.0
2015-08-07,dogecoin,0.0,0.0,16782999.49,-35966.87000000104,97744.33,13566.680000000008,0.0,0.0,0.0
2015-08-11,dogecoin,0.0,0.0,16399917.29,234043.68999999948,110611.17,50765.03,0.0,0.0,0.0
2015-08-15,dogecoin,0.0,0.0,15433329.47,-210069.7199999988,15671.14,-13808.16,0.0,0.0,0.0
2015-08-19,dogecoin,0.0,0.0,13245950.08,-1136336.4499999993,32934.47,5735.5,0.0,0.0,0.0
2015-08-23,dogecoin,0.0,0.0,13809509.17,-460107.3699999992,33650.87,23595.61,0.0,0.0,0.0
2015-08-27,dogecoin,0.0,0.0,12947176.92,-249769.19999999925,45427.73,-46030.91999999999,0.0,0.0,0.0
2015-08-31,dogecoin,0.0,0.0,13017105.42,13000.11999999918,29622.21,-10661.96,0.0,0.0,0.0
2015-09-03,dogecoin,0.0,0.0,12246325.89,-437924.2199999988,44265.57,17231.27,0.0,0.0,0.0
2015-09-07,dogecoin,0.0,0.0,13035776.03,-347664.69000000134,53228.07,-21281.549999999996,0.0,0.0,0.0
2015-09-11,dogecoin,0.0,0.0,13241224.01,209922.83999999985,47383.12,-3827.5,0.0,0.0,0.0
2015-09-15,dogecoin,0.0,0.0,12386401.37,-174880.55000000075,40866.1,-5693.32,0.0,0.0,0.0
2015-09-19,dogecoin,0.0,0.0,12650387.19,80561.70999999903,31248.79,-8402.309999999998,0.0,0.0,0.0
2015-09-23,dogecoin,0.0,0.0,12264856.67,-293516.4399999995,129628.06,30791.300000000003,0.0,0.0,0.0
2015-09-27,dogecoin,0.0,0.0,12207741.53,-17618.990000000224,28098.94,2501.529999999999,0.0,0.0,0.0
2015-09-30,dogecoin,0.0,0.0,12359939.24,146228.06000000052,36937.18,-60666.549999999996,0.0,0.0,0.0
2015-10-03,dogecoin,0.0,0.0,12223880.24,-17168.549999998882,18776.88,-6467.639999999999,0.0,0.0,0.0
2015-10-07,dogecoin,0.0,0.0,11990944.94,-210785.7100000009,41112.48,1092.0,0.0,0.0,0.0
2015-10-11,dogecoin,0.0,0.0,12198489.15,282571.2400000002,8554.88,-2261.2000000000007,0.0,0.0,0.0
2015-10-15,dogecoin,0.0,0.0,12088091.51,96291.6099999994,27185.66,-12084.460000000003,0.0,0.0,0.0
2015-10-19,dogecoin,0.0,0.0,11835528.05,-56984.859999999404,20248.27,7765.560000000001,0.0,0.0,0.0
2015-10-23,dogecoin,0.0,0.0,11569343.02,-225932.65000000037,20348.78,2193.449999999997,0.0,0.0,0.0
2015-10-27,dogecoin,0.0,0.0,11913191.19,284220.4699999988,26314.75,12952.11,0.0,0.0,0.0
2015-10-31,dogecoin,0.0,0.0,13064730.52,-953094.9400000013,34864.54,-70457.95000000001,0.0,0.0,0.0
2015-11-03,dogecoin,0.0,0.0,14845464.54,893409.8599999994,79480.44,51917.61,0.0,0.0,0.0
2015-11-07,dogecoin,0.0,0.0,14325385.92,296161.4399999995,35384.8,-29883.39,0.0,0.0,0.0
2015-11-11,dogecoin,0.0,0.0,12406186.72,146868.7800000012,133255.7,83326.80000000002,0.0,0.0,0.0
2015-11-15,dogecoin,0.0,0.0,12770287.08,-457188.0,29823.42,-1077.7000000000007,0.0,0.0,0.0
2015-11-19,dogecoin,0.0,0.0,13304393.78,-387964.7400000002,47899.05,-25568.699999999997,0.0,0.0,0.0
2015-11-23,dogecoin,0.0,0.0,13151326.97,243641.87000000104,67605.5,58047.04,0.0,0.0,0.0
2015-11-27,dogecoin,0.0,0.0,13653513.03,23021.330000000075,33219.62,-27178.799999999996,0.0,0.0,0.0
2015-11-30,dogecoin,0.0,0.0,13209157.7,-374203.19000000134,46514.31,12221.579999999994,0.0,0.0,0.0
2015-12-03,dogecoin,0.0,0.0,12966428.44,-201245.00999999978,60382.43,24938.04,0.0,0.0,0.0
2015-12-07,dogecoin,0.0,0.0,13088211.29,-3615.460000000894,54005.07,-1889.9700000000012,0.0,0.0,0.0
2015-12-11,dogecoin,0.0,0.0,16103829.66,1349775.960000001,141814.63,28377.020000000004,0.0,0.0,0.0
2015-12-15,dogecoin,0.0,0.0,16426630.7,924440.2899999991,93360.73,12634.619999999995,0.0,0.0,0.0
2015-12-19,dogecoin,0.0,0.0,16524772.02,105008.44999999925,76104.28,-19714.61,0.0,0.0,0.0
2015-12-23,dogecoin,0.0,0.0,15576111.0,432991.30000000075,94028.23,20621.34999999999,0.0,0.0,0.0
2015-12-27,dogecoin,0.0,0.0,15565363.72,545994.5800000001,71602.64,-26221.86,0.0,0.0,0.0
2015-12-31,dogecoin,0.0,0.0,15584441.91,239788.25999999978,83640.1,-12927.14,0.0,0.0,0.0
2016-01-03,dogecoin,0.0,0.0,15423332.44,-649778.3000000007,45975.93,-5129.440000000002,0.0,0.0,0.0
2016-01-07,dogecoin,0.0,0.0,15907090.72,-726928.3300000001,70828.51,15081.299999999996,0.0,0.0,0.0
2016-01-11,dogecoin,0.0,0.0,18852370.31,264450.0799999982,90530.09,-52918.75,0.0,0.0,0.0
2016-01-15,dogecoin,0.0,0.0,15282878.97,-3443992.26,97822.31,27248.569999999992,0.0,0.0,0.0
2016-01-19,dogecoin,0.0,0.0,15199013.64,-151349.88999999873,29585.35,3537.359999999997,0.0,0.0,0.0
2016-01-23,dogecoin,0.0,0.0,17626163.71,758563.9100000001,82859.62,-8772.25,0.0,0.0,0.0
2016-01-27,dogecoin,0.0,0.0,46203436.05,11122549.11,1921126.37,234027.63000000012,0.0,0.0,0.0
2016-01-31,dogecoin,0.0,0.0,27049434.78,691362.1000000015,381620.65,67289.33000000002,0.0,0.0,0.0
2016-02-03,dogecoin,0.0,0.0,26804063.65,25736.939999997616,95788.24,19504.430000000008,0.0,0.0,0.0
2016-02-07,dogecoin,0.0,0.0,28973381.88,-1570213.4200000018,149491.38,-133193.81,0.0,0.0,0.0
2016-02-11,dogecoin,0.0,0.0,28817941.66,-965768.0199999996,194452.29,77246.59000000001,0.0,0.0,0.0
2016-02-15,dogecoin,0.0,0.0,29957764.15,-109961.53000000119,263315.12,199771.9,0.0,0.0,0.0
2016-02-19,dogecoin,0.0,0.0,29943706.92,1972523.4400000013,377539.53,307156.92000000004,0.0,0.0,0.0
2016-02-23,dogecoin,0.0,0.0,28526914.71,-268475.62999999896,142621.99,35273.609999999986,0.0,0.0,0.0
2016-02-27,dogecoin,0.0,0.0,26212832.48,-408394.73999999836,141049.95,53745.69000000002,0.0,0.0,0.0
2016-02-29,dogecoin,0.0,0.0,25646605.52,-449845.58999999985,141143.64,-64559.639999999985,0.0,0.0,0.0
2016-03-03,dogecoin,0.0,0.0,24956361.4,-2165.730000000447,112818.29,27049.059999999998,0.0,0.0,0.0
2016-03-07,dogecoin,0.0,0.0,23635895.02,1015835.9800000004,82384.22,20963.010000000002,0.0,0.0,0.0
2016-03-11,dogecoin,0.0,0.0,24793176.71,-397820.6899999976,84349.88,-42495.92,0.0,0.0,0.0
2016-03-15,dogecoin,0.0,0.0,23820026.27,-488540.87000000104,82791.72,4021.070000000007,0.0,0.0,0.0
2016-03-19,dogecoin,0.0,0.0,22576466.51,666506.450000003,140815.08,76760.59,0.0,0.0,0.0
2016-03-23,dogecoin,0.0,0.0,22095382.46,79823.37000000104,146228.6,-16308.959999999992,0.0,0.0,0.0
2016-03-27,dogecoin,0.0,0.0,22215756.05,240729.7400000021,133552.03,56292.22,0.0,0.0,0.0
2016-03-31,dogecoin,0.0,0.0,24097750.95,139883.23999999836,145840.08,-171851.66,0.0,0.0,0.0
2016-04-03,dogecoin,0.0,0.0,22965077.78,-458369.6899999976,137259.31,18335.92,0.0,0.0,0.0
2016-04-07,dogecoin,0.0,0.0,21570869.47,-561795.75,107561.33,2235.449999999997,0.0,0.0,0.0
2016-04-11,dogecoin,0.0,0.0,21946253.79,899871.2599999979,63550.15,-83358.44,0.0,0.0,0.0
2016-04-15,dogecoin,0.0,0.0,24227097.16,343637.01999999955,101832.49,26239.380000000005,0.0,0.0,0.0
2016-04-19,dogecoin,0.0,0.0,23075632.03,151049.9299999997,83444.99,5562.87000000001,0.0,0.0,0.0
2016-04-23,dogecoin,0.0,0.0,23293790.66,-188748.4600000009,88196.64,47375.25,0.0,0.0,0.0
2016-04-27,dogecoin,0.0,0.0,23420350.92,-913212.0299999975,138962.76,-7668.4100000000035,0.0,0.0,0.0
2016-04-30,dogecoin,0.0,0.0,23721475.59,-265552.16000000015,68343.53,-15538.690000000002,0.0,0.0,0.0
2016-05-03,dogecoin,0.0,0.0,23655113.21,-265558.48999999836,83122.62,8570.349999999991,0.0,0.0,0.0
2016-05-07,dogecoin,0.0,0.0,23413326.08,151393.79999999702,58722.91,-56948.009999999995,0.0,0.0,0.0
2016-05-11,dogecoin,0.0,0.0,23364695.01,214154.30000000075,56406.59,-6504.6500000000015,0.0,0.0,0.0
2016-05-15,dogecoin,0.0,0.0,24226549.25,-125407.96999999881,87485.6,-41021.42999999999,0.0,0.0,0.0
2016-05-19,dogecoin,0.0,0.0,23449956.5,-168825.8299999982,129528.86,59861.16,0.0,0.0,0.0
2016-05-23,dogecoin,0.0,0.0,23276665.98,5836.280000001192,44108.2,-15134.950000000004,0.0,0.0,0.0
2016-05-27,dogecoin,0.0,0.0,23149991.85,-545952.0899999999,298842.01,224511.66,0.0,0.0,0.0
2016-05-31,dogecoin,0.0,0.0,23737103.85,-185194.25,163538.26,39047.600000000006,0.0,0.0,0.0
2016-06-03,dogecoin,0.0,0.0,24901788.41,811943.3399999999,100594.46,30382.460000000006,0.0,0.0,0.0
2016-06-07,dogecoin,0.0,0.0,25010473.17,614437.6900000013,170336.54,67496.73000000001,0.0,0.0,0.0
2016-06-11,dogecoin,0.0,0.0,26228795.82,-925165.4100000001,174545.36,-142090.71000000002,0.0,0.0,0.0
2016-06-15,dogecoin,0.0,0.0,32476393.34,-344550.73999999836,333503.94,-878796.01,0.0,0.0,0.0
2016-06-19,dogecoin,0.0,0.0,34683972.77,883666.9900000021,376404.95,89362.07,0.0,0.0,0.0
2016-06-23,dogecoin,0.0,0.0,29827454.25,3123846.969999999,482636.42,86005.38,0.0,0.0,0.0
2016-06-27,dogecoin,0.0,0.0,30275397.4,593395.5099999979,149442.44,-65191.119999999995,0.0,0.0,0.0
2016-06-30,dogecoin,0.0,0.0,31126490.56,228903.6499999985,346623.26,2503.4199999999837,0.0,0.0,0.0
2016-07-03,dogecoin,0.0,0.0,29620293.68,-2084514.25,440508.19,274333.45,0.0,0.0,0.0
2016-07-07,dogecoin,0.0,0.0,28946934.74,-600699.2600000016,185143.55,-74335.40000000002,0.0,0.0,0.0
2016-07-11,dogecoin,0.0,0.0,28122348.76,-373881.94999999925,198084.97,110519.27,0.0,0.0,0.0
2016-07-15,dogecoin,0.0,0.0,27430557.8,81284.3900000006,145072.13,410.9200000000128,0.0,0.0,0.0
2016-07-19,dogecoin,0.0,0.0,25815459.61,-550731.379999999,188371.64,-1266.5999999999767,0.0,0.0,0.0
2016-07-23,dogecoin,0.0,0.0,25101262.07,86855.2100000009,209000.51,695.6600000000035,0.0,0.0,0.0
2016-07-27,dogecoin,0.0,0.0,24616798.03,-722030.129999999,115757.38,-51259.54999999999,0.0,0.0,0.0
2016-07-31,dogecoin,0.0,0.0,24347777.27,-457059.25,63306.08,16178.230000000003,0.0,0.0,0.0
2016-08-03,dogecoin,0.0,0.0,22837126.32,1618046.210000001,156958.82,-12237.970000000001,0.0,0.0,0.0
2016-08-07,dogecoin,0.0,0.0,27951986.15,3420580.0299999975,1480875.45,1245882.08,0.0,0.0,0.0
2016-08-11,dogecoin,0.0,0.0,25356158.74,181414.7199999988,233355.19,1977.1100000000151,0.0,0.0,0.0
2016-08-15,dogecoin,0.0,0.0,25127005.01,-1096785.6399999969,327541.77,-56277.380000000005,0.0,0.0,0.0
2016-08-19,dogecoin,0.0,0.0,24396246.4,-1187442.4700000025,277626.08,139422.01,0.0,0.0,0.0
2016-08-23,dogecoin,0.0,0.0,23576073.95,-527161.120000001,284487.37,-59797.859999999986,0.0,0.0,0.0
2016-08-27,dogecoin,0.0,0.0,23952321.76,-467699.87999999896,75208.55,-44863.84,0.0,0.0,0.0
2016-08-31,dogecoin,0.0,0.0,24037245.45,171420.80000000075,85975.68,-51209.04000000001,0.0,0.0,0.0
2016-09-03,dogecoin,0.0,0.0,23992670.8,-62504.48000000045,167462.76,94110.64000000001,0.0,0.0,0.0
2016-09-07,dogecoin,0.0,0.0,24430715.45,522113.27999999747,113570.71,19890.09000000001,0.0,0.0,0.0
2016-09-11,dogecoin,0.0,0.0,24235743.9,-186204.81000000238,65377.59,-7157.130000000005,0.0,0.0,0.0
2016-09-15,dogecoin,0.0,0.0,24343051.93,497373.5700000003,267321.73,166539.37999999998,0.0,0.0,0.0
2016-09-19,dogecoin,0.0,0.0,25014288.82,-132465.3599999994,152074.34,20770.29999999999,0.0,0.0,0.0
2016-09-23,dogecoin,0.0,0.0,24203661.03,603581.6300000027,198938.09,115925.08,0.0,0.0,0.0
2016-09-27,dogecoin,0.0,0.0,24336359.15,3333.189999997616,111816.63,-502.09999999999127,0.0,0.0,0.0
2016-09-30,dogecoin,0.0,0.0,24872649.51,423793.19000000134,124031.33,-24085.270000000004,0.0,0.0,0.0
2016-10-03,dogecoin,0.0,0.0,25124728.97,497986.20999999717,128622.67,85890.9,0.0,0.0,0.0
2016-10-07,dogecoin,0.0,0.0,24208097.93,143309.55999999866,70239.13,-206539.40000000002,0.0,0.0,0.0
2016-10-11,dogecoin,0.0,0.0,24440703.15,163921.45999999717,211145.85,151455.82,0.0,0.0,0.0
2016-10-15,dogecoin,0.0,0.0,23770179.95,-253634.19000000134,40410.91,-24591.619999999995,0.0,0.0,0.0
2016-10-19,dogecoin,0.0,0.0,23163691.42,-259906.26999999955,79350.68,38212.079999999994,0.0,0.0,0.0
2016-10-23,dogecoin,0.0,0.0,23113964.68,-292558.30999999866,42843.44,-30470.23999999999,0.0,0.0,0.0
2016-10-27,dogecoin,0.0,0.0,23106827.68,540140.629999999,96931.35,-11549.62999999999,0.0,0.0,0.0
2016-10-31,dogecoin,0.0,0.0,23379870.41,-85788.39999999851,128381.16,49526.08,0.0,0.0,0.0
2016-11-03,dogecoin,0.0,0.0,23284854.96,-583757.1199999973,128399.18,80280.68,0.0,0.0,0.0
2016-11-07,dogecoin,0.0,0.0,25699693.81,2112531.4299999997,803024.27,754079.52,0.0,0.0,0.0
2016-11-11,dogecoin,0.0,0.0,24168437.73,-395440.87999999896,92409.9,17455.34999999999,0.0,0.0,0.0
2016-11-15,dogecoin,0.0,0.0,23286421.25,-513169.8900000006,80216.26,39416.049999999996,0.0,0.0,0.0
2016-11-19,dogecoin,0.0,0.0,22944130.08,-178992.87000000104,36285.63,-72781.45000000001,0.0,0.0,0.0
2016-11-23,dogecoin,0.0,0.0,23024797.46,-577880.3000000007,63100.22,6184.040000000001,0.0,0.0,0.0
2016-11-27,dogecoin,0.0,0.0,22916156.64,-212444.6499999985,41110.31,12672.46,0.0,0.0,0.0
2016-11-30,dogecoin,0.0,0.0,22896723.54,365603.0,28416.11,-21097.04,0.0,0.0,0.0
2016-12-03,dogecoin,0.0,0.0,22827447.47,-166197.81000000238,57340.18,-5717.4000000000015,0.0,0.0,0.0
2016-12-07,dogecoin,0.0,0.0,22978264.62,234118.51999999955,61072.39,21709.909999999996,0.0,0.0,0.0
2016-12-11,dogecoin,0.0,0.0,23776304.86,661216.5500000007,135177.62,39380.42,0.0,0.0,0.0
2016-12-15,dogecoin,0.0,0.0,23369321.64,-225854.2100000009,68608.93,23385.219999999994,0.0,0.0,0.0
2016-12-19,dogecoin,0.0,0.0,23255237.69,-344583.3299999982,113274.89,68828.82,0.0,0.0,0.0
2016-12-23,dogecoin,0.0,0.0,24666657.64,850814.9900000021,243457.77,61772.98999999999,0.0,0.0,0.0
2016-12-27,dogecoin,0.0,0.0,24434208.58,-20151.640000000596,181735.65,102833.93,0.0,0.0,0.0
2016-12-31,dogecoin,0.0,0.0,24234981.74,59555.36999999732,42872.5,-96161.20999999999,0.0,0.0,0.0
2017-01-03,dogecoin,0.0,0.0,23965301.03,146594.5700000003,77624.01,-45114.62000000001,0.0,0.0,0.0
2017-01-07,dogecoin,0.0,0.0,23961028.63,263530.09999999776,238810.15,3190.600000000006,0.0,0.0,0.0
2017-01-11,dogecoin,0.0,0.0,22304637.34,-1763566.0500000007,379007.81,216388.48,0.0,0.0,0.0
2017-01-15,dogecoin,0.0,0.0,22135111.03,-519515.23000000045,62982.34,4160.3499999999985,0.0,0.0,0.0
2017-01-19,dogecoin,0.0,0.0,22622350.06,263090.3200000003,48630.71,-21062.35,0.0,0.0,0.0
2017-01-23,dogecoin,0.0,0.0,22349024.41,127130.08000000194,49504.55,-14705.089999999997,0.0,0.0,0.0
2017-01-27,dogecoin,0.0,0.0,22590856.99,265556.5,100550.94,22873.619999999995,0.0,0.0,0.0
2017-01-31,dogecoin,0.0,0.0,22758940.53,260798.05000000075,99335.48,52136.85,0.0,0.0,0.0
2017-02-03,dogecoin,0.0,0.0,22478996.51,-275169.25,92587.41,35076.600000000006,0.0,0.0,0.0
2017-02-07,dogecoin,0.0,0.0,22023640.37,-327790.66000000015,83593.09,14029.39,0.0,0.0,0.0
2017-02-11,dogecoin,0.0,0.0,22722945.32,-53923.87000000104,72647.39,-2857.7400000000052,0.0,0.0,0.0
2017-02-15,dogecoin,0.0,0.0,22557540.81,-615185.450000003,133224.82,20007.95000000001,0.0,0.0,0.0
2017-02-19,dogecoin,0.0,0.0,22392914.3,336986.1000000015,63447.13,-81944.32999999999,0.0,0.0,0.0
2017-02-23,dogecoin,0.0,0.0,23051749.85,449073.8200000003,91832.62,13070.539999999994,0.0,0.0,0.0
2017-02-27,dogecoin,0.0,0.0,22806556.27,-325335.12000000104,103048.63,63914.8,0.0,0.0,0.0
2017-02-28,dogecoin,0.0,0.0,23215585.7,409029.4299999997,79332.9,-23715.73000000001,0.0,0.0,0.0
2017-03-07,dogecoin,0.0,0.0,24000352.43,284315.3500000015,139091.95,45463.76000000001,0.0,0.0,0.0
2017-03-11,dogecoin,0.0,0.0,23760071.69,1599369.9200000018,139350.96,-155515.43000000002,0.0,0.0,0.0
2017-03-15,dogecoin,0.0,0.0,27009630.88,57843.599999997765,388208.09,49079.18000000005,0.0,0.0,0.0
2017-03-19,dogecoin,0.0,0.0,25190174.53,1758982.8200000003,315411.04,-128389.72000000003,0.0,0.0,0.0
2017-03-23,dogecoin,0.0,0.0,26273554.84,-129926.94999999925,166735.29,-151194.30999999997,0.0,0.0,0.0
2017-03-27,dogecoin,0.0,0.0,27759220.35,-2758615.2699999996,989130.51,-131924.20999999996,0.0,0.0,0.0
2017-03-31,dogecoin,0.0,0.0,37441367.79,3224436.6099999994,2382538.62,754622.28,0.0,0.0,0.0
2017-04-03,dogecoin,0.0,0.0,47233438.61,9861247.740000002,7771303.98,6803272.510000001,0.0,0.0,0.0
2017-04-07,dogecoin,0.0,0.0,46014736.55,-6344603.840000004,2695276.37,-19621.239999999758,0.0,0.0,0.0
2017-04-11,dogecoin,0.0,0.0,43421713.43,-670300.9799999967,344537.43,-265282.01999999996,0.0,0.0,0.0
2017-04-15,dogecoin,0.0,0.0,45454592.33,-479650.8999999985,420450.22,-238541.93000000005,0.0,0.0,0.0
2017-04-19,dogecoin,0.0,0.0,50265257.94,568597.7199999988,466841.45,-238447.76999999996,0.0,0.0,0.0
2017-04-23,dogecoin,0.0,0.0,57143201.23,6064719.789999999,1875558.08,1384565.2200000002,0.0,0.0,0.0
2017-04-27,dogecoin,0.0,0.0,69073033.52,7156842.099999994,2421368.68,1718364.6500000001,0.0,0.0,0.0
2017-04-30,dogecoin,0.0,0.0,82268467.96,1633439.1799999923,1965674.04,-895228.8399999999,0.0,0.0,0.0
2017-05-03,dogecoin,0.0,0.0,74263343.69,7406887.189999998,2479327.45,-845254.8899999997,0.0,0.0,0.0
2017-05-07,dogecoin,0.0,0.0,145988600.81,16376426.329999998,23261967.43,14042460.43,0.0,0.0,0.0
2017-05-11,dogecoin,0.0,0.0,131527795.74,-10468054.920000002,4903524.11,-1679830.13,0.0,0.0,0.0
2017-05-15,dogecoin,0.0,0.0,122834973.17,-8500432.64,3320799.97,167229.11000000034,0.0,0.0,0.0
2017-05-19,dogecoin,0.0,0.0,167515948.91,5219786.069999993,10943222.12,-9135688.26,0.0,0.0,0.0
2017-05-23,dogecoin,0.0,0.0,389941503.82,27791999.819999993,47278033.93,-45068888.27,0.0,0.0,0.0
2017-05-27,dogecoin,0.0,0.0,264356915.06,-22237961.579999983,28637454.64,12383852.4,0.0,0.0,0.0
2017-05-31,dogecoin,0.0,0.0,283161529.88,10319048.790000021,11127338.76,-958395.0700000003,0.0,0.0,0.0
2017-06-03,dogecoin,0.0,0.0,360592170.85,36382247.04000002,29107488.93,9328401.009999998,0.0,0.0,0.0
2017-06-07,dogecoin,0.0,0.0,360333561.1,-48134161.94999999,17069022.97,-13874048.440000001,0.0,0.0,0.0
2017-06-11,dogecoin,0.0,0.0,394423464.21,40740323.77999997,23747442.27,11267356.51,0.0,0.0,0.0
2017-06-15,dogecoin,0.0,0.0,324976166.08,-2241454.2599999905,6975639.48,-128841.86999999918,0.0,0.0,0.0
2017-06-19,dogecoin,0.0,0.0,346820542.4,2511217.339999974,6720991.11,1388910.5100000007,0.0,0.0,0.0
2017-06-23,dogecoin,0.0,0.0,341684929.98,-564361.5899999738,4943300.92,241497.18999999948,0.0,0.0,0.0
2017-06-27,dogecoin,0.0,0.0,285694699.14,-10185688.800000012,10090509.38,-1537119.8099999987,0.0,0.0,0.0
2017-06-30,dogecoin,0.0,0.0,284083984.65,-7393205.580000043,3196612.26,-1070764.67,0.0,0.0,0.0
2017-07-03,dogecoin,0.0,0.0,278960000.92,7759828.050000012,4914798.86,1084912.37,0.0,0.0,0.0
2017-07-07,dogecoin,0.0,0.0,263897205.46,-26755383.799999982,4226852.92,-1482178.7700000005,0.0,0.0,0.0
2017-07-11,dogecoin,0.0,0.0,198407725.12,-11944646.840000004,6618570.91,1991619.6400000006,0.0,0.0,0.0
2017-07-15,dogecoin,0.0,0.0,164790398.85,-19504743.28999999,1898784.64,-33128.60000000009,0.0,0.0,0.0
2017-07-19,dogecoin,0.0,0.0,186047669.09,-12712652.460000008,4782319.98,-1283602.2999999998,0.0,0.0,0.0
2017-07-23,dogecoin,0.0,0.0,215887995.2,-13345990.360000014,5411161.85,2235083.8699999996,0.0,0.0,0.0
2017-07-27,dogecoin,0.0,0.0,201134998.26,4972791.129999995,2410094.13,481696.59999999986,0.0,0.0,0.0
2017-07-31,dogecoin,0.0,0.0,184268583.68,-2921155.9399999976,3112812.97,1417402.4400000002,0.0,0.0,0.0
2017-08-03,dogecoin,0.0,0.0,197449040.49,-3256.0199999809265,2444529.21,-755252.7999999998,0.0,0.0,0.0
2017-08-07,dogecoin,0.0,0.0,214532271.03,4516930.270000011,3921917.46,212854.14000000013,0.0,0.0,0.0
2017-08-11,dogecoin,0.0,0.0,201469747.22,-5891404.1400000155,3843908.96,1115370.48,0.0,0.0,0.0
2017-08-15,dogecoin,0.0,0.0,190866392.33,3909961.830000013,5799278.64,2513451.0799999996,0.0,0.0,0.0
2017-08-19,dogecoin,0.0,0.0,181716144.97,-2395443.069999993,2463567.08,-94634.1799999997,0.0,0.0,0.0
2017-08-23,dogecoin,0.0,0.0,188219289.09,2888468.9200000167,4005179.12,1154851.0900000003,0.0,0.0,0.0
2017-08-27,dogecoin,0.0,0.0,187929586.61,2844511.8900000155,1448502.23,51493.11999999988,0.0,0.0,0.0
2017-08-31,dogecoin,0.0,0.0,229350865.09,-306188.31999999285,10642838.94,-4492122.9,0.0,0.0,0.0
2017-09-03,dogecoin,0.0,0.0,240360682.39,-3184919.2900000215,6821953.78,-10731930.349999998,0.0,0.0,0.0
2017-09-07,dogecoin,0.0,0.0,214105469.37,-9731796.930000007,5401456.1,-2179104.3000000007,0.0,0.0,0.0
2017-09-11,dogecoin,0.0,0.0,160936267.74,6136947.960000008,5228304.22,-2284591.1800000006,0.0,0.0,0.0
2017-09-15,dogecoin,0.0,0.0,97953942.22,2687144.700000003,16672925.54,7391515.52,0.0,0.0,0.0
2017-09-19,dogecoin,0.0,0.0,93468812.29,-8424609.849999994,3869824.42,-1351463.7199999997,0.0,0.0,0.0
2017-09-23,dogecoin,0.0,0.0,104506634.3,18531400.61,6315878.28,3243014.2600000002,0.0,0.0,0.0
2017-09-27,dogecoin,0.0,0.0,124526133.28,-75039.20999999344,3971502.9,-3633815.35,0.0,0.0,0.0
2017-09-30,dogecoin,0.0,0.0,125258290.98,6892966.13000001,3033812.87,-1464237.5,0.0,0.0,0.0
2017-10-03,dogecoin,0.0,0.0,114026189.35,-4238985.0,1632532.57,-923513.1100000001,0.0,0.0,0.0
2017-10-07,dogecoin,0.0,0.0,113904353.94,433538.06999999285,959326.55,-303024.8699999999,0.0,0.0,0.0
2017-10-11,dogecoin,0.0,0.0,113641010.12,4202886.780000001,2064004.13,394975.6199999999,0.0,0.0,0.0
2017-10-15,dogecoin,0.0,0.0,118049191.8,1426568.7800000012,1772666.83,62821.89000000013,0.0,0.0,0.0
2017-10-19,dogecoin,0.0,0.0,119527549.47,4353380.769999996,1798645.25,-158368.66999999993,0.0,0.0,0.0
2017-10-23,dogecoin,0.0,0.0,113992512.99,296215.0899999887,3140365.8,950342.1499999999,0.0,0.0,0.0
2017-10-27,dogecoin,0.0,0.0,114291422.6,-1348096.8200000077,965760.61,-647950.38,0.0,0.0,0.0
2017-10-31,dogecoin,0.0,0.0,125373704.51,970951.8500000089,2607569.1,515306.92000000016,0.0,0.0,0.0
2017-11-03,dogecoin,0.0,0.0,130678532.71,-1675964.9300000072,2963755.51,-2451892.2200000007,0.0,0.0,0.0
2017-11-07,dogecoin,0.0,0.0,133583723.79,2745902.580000013,2085029.88,289752.5399999998,0.0,0.0,0.0
2017-11-11,dogecoin,0.0,0.0,132340096.11,1944607.8599999994,1929896.16,-1809503.6199999999,0.0,0.0,0.0
2017-11-15,dogecoin,0.0,0.0,146516609.81,13538379.820000008,2510927.24,334574.3200000003,0.0,0.0,0.0
2017-11-19,dogecoin,0.0,0.0,153182462.26,1924897.8299999833,1041570.79,-382246.57000000007,0.0,0.0,0.0
2017-11-23,dogecoin,0.0,0.0,221281658.25,8721697.870000005,26135197.37,8522253.59,0.0,0.0,0.0
2017-11-27,dogecoin,0.0,0.0,223699517.48,-489662.9399999976,5563886.75,-1415883.2599999998,0.0,0.0,0.0
2017-11-30,dogecoin,0.0,0.0,234538409.25,-1888354.1599999964,4271766.05,-5370879.11,0.0,0.0,0.0
2017-12-03,dogecoin,0.0,0.0,247422699.29,5028497.329999983,4311416.84,-272738.41000000015,0.0,0.0,0.0
2017-12-07,dogecoin,0.0,0.0,326827110.54,26917853.28000003,14016775.68,13877006.91,0.0,0.0,0.0
2017-12-11,dogecoin,0.0,0.0,307245077.3,10127015.579999983,5916276.62,857143.4900000002,0.0,0.0,0.0
2017-12-15,dogecoin,0.0,0.0,422911344.56,689544.6999999881,15144658.17,-3272434.700000001,0.0,0.0,0.0
2017-12-19,dogecoin,0.01,0.0,636410609.83,-80957997.4799999,31201865.18,-4068076.539999999,0.01,0.01,0.01
2017-12-23,dogecoin,0.01,0.0,856591596.0,157738775.62,57397434.59,6034041.430000007,0.01,0.01,0.01
2017-12-27,dogecoin,0.01,0.0,1050398243.39,-60296572.21999991,49772774.85,-68738473.05000001,0.01,0.01,0.01
2017-12-31,dogecoin,0.01,0.0,1078012859.92,137711360.99000013,46903038.31,597811.4699999988,0.01,0.01,0.01
2018-01-03,dogecoin,0.01,0.0,1080254156.77,29021475.179999948,51581602.9,-16241947.199999996,0.01,0.01,0.01
2018-01-07,dogecoin,0.02,0.0,1981540125.25,194094371.29999995,247655386.61,3861314.9400000274,0.01,0.02,0.01
2018-01-11,dogecoin,0.01,0.0,1328397831.68,-181793674.8399999,45857579.52,-33402957.770000003,0.02,0.02,0.01
2018-01-15,dogecoin,0.01,0.0,1171146364.74,-188983106.76999998,50340005.7,7413996.450000003,0.01,0.01,0.01
2018-01-19,dogecoin,0.01,0.0,902176682.89,-6365148.519999981,20287765.29,-24440649.800000004,0.01,0.01,0.01
2018-01-23,dogecoin,0.01,0.0,750174326.41,-11964346.78000009,13954455.24,-1565487.539999999,0.01,0.01,0.01
2018-01-27,dogecoin,0.01,0.0,831982091.61,26396323.96000004,8630229.79,-5782187.890000001,0.01,0.01,0.01
2018-01-31,dogecoin,0.01,0.0,671975876.24,-102870503.22000003,12066227.32,2210112.280000001,0.01,0.01,0.01
2018-02-03,dogecoin,0.0,0.0,500127220.45,-63211967.72999996,23728586.69,9571742.740000002,0.01,0.01,0.0
2018-02-07,dogecoin,0.0,0.0,488375782.97,96998098.0,16051238.97,7239336.050000001,0.01,0.01,0.0
2018-02-11,dogecoin,0.01,0.01,566121913.97,3357489.560000062,12667632.37,4654543.199999999,0.0,0.01,0.0
2018-02-15,dogecoin,0.01,0.0,762403796.44,130158630.93000007,32703063.29,23483648.439999998,0.0,0.01,0.0
2018-02-19,dogecoin,0.01,0.0,734149068.26,-65476870.15999997,11158305.55,-2620223.16,0.01,0.01,0.01
2018-02-23,dogecoin,0.01,0.0,707061750.75,-679924.5199999809,12465402.01,185219.8900000006,0.01,0.01,0.01
2018-02-27,dogecoin,0.01,0.0,722365758.9,20594604.44999993,8000767.85,1179067.7799999993,0.01,0.01,0.01
2018-02-28,dogecoin,0.01,0.0,715636381.5,-6729377.399999976,8084176.15,83408.30000000075,0.01,0.01,0.01
2018-03-07,dogecoin,0.0,-0.01,517728793.45,-63307822.22999996,9841626.85,1568541.1999999993,0.01,0.01,0.0
2018-03-11,dogecoin,0.0,0.0,454568661.71,-12413639.069999993,6159250.18,-2198424.5100000007,0.0,0.0,0.0
2018-03-15,dogecoin,0.0,0.0,404104487.17,-43262473.639999986,5889480.34,1321021.62,0.0,0.0,0.0
2018-03-19,dogecoin,0.0,0.0,361206259.5,-18358167.149999976,7900788.83,3094742.3899999997,0.0,0.0,0.0
2018-03-23,dogecoin,0.0,0.0,403986338.68,-12154462.579999983,3882214.39,-1453104.98,0.0,0.0,0.0
2018-03-27,dogecoin,0.0,0.0,371821023.42,-21849929.620000005,4851044.82,2168503.12,0.0,0.0,0.0
2018-03-31,dogecoin,0.0,0.0,312589102.78,-6817009.99000001,4489009.67,-516232.2700000005,0.0,0.0,0.0
2018-04-03,dogecoin,0.0,0.0,318776941.35,11467116.290000021,3168134.5,1116379.23,0.0,0.0,0.0
2018-04-07,dogecoin,0.0,0.0,306354071.04,-10208426.189999998,2354869.3,-1223434.9100000001,0.0,0.0,0.0
2018-04-11,dogecoin,0.0,0.0,353616683.83,40419245.72999996,10406446.56,6781550.760000001,0.0,0.0,0.0
2018-04-15,dogecoin,0.0,0.0,471245580.09,18438866.149999976,12629917.74,-3802283.01,0.0,0.0,0.0
2018-04-19,dogecoin,0.01,0.01,614769579.3,78586547.95999998,20812259.73,4914523.700000001,0.0,0.01,0.0
2018-04-23,dogecoin,0.01,0.0,633027252.36,15884673.25999999,10438060.95,-9109906.600000001,0.01,0.01,0.01
2018-04-27,dogecoin,0.01,0.0,633963019.81,55078276.50999999,13673818.48,-3674710.8499999978,0.01,0.01,0.01
2018-04-30,dogecoin,0.01,0.0,619715232.96,-3584474.8299999237,35358933.99,2270857.8500000015,0.01,0.01,0.01
2018-05-03,dogecoin,0.01,0.0,605268412.68,19749934.909999967,48592343.92,38880209.14,0.01,0.01,0.01
2018-05-07,dogecoin,0.0,-0.01,568877774.15,-22065846.71000004,31272850.62,2767744.6900000013,0.01,0.01,0.0
2018-05-11,dogecoin,0.0,-0.01,543463514.35,-31797857.919999957,31242796.94,-791485.8599999994,0.0,0.01,0.0
2018-05-15,dogecoin,0.0,0.0,515040315.65,33954588.839999974,10235346.13,-7373967.040000001,0.0,0.0,0.0
2018-05-19,dogecoin,0.0,0.0,476368172.11,10327944.319999993,12387427.86,-2852422.0600000005,0.0,0.0,0.0
2018-05-23,dogecoin,0.0,0.0,442559028.73,-37073875.29999995,8577930.93,-7713216.040000001,0.0,0.0,0.0
2018-05-27,dogecoin,0.0,0.0,397311182.68,-7997363.170000017,3332954.12,-3361374.0700000003,0.0,0.0,0.0
2018-05-31,dogecoin,0.0,0.0,386632767.0,-7036844.350000024,6910700.82,-79919.37000000011,0.0,0.0,0.0
2018-06-03,dogecoin,0.0,0.0,406552155.2,15628652.199999988,4512781.26,1003898.0799999996,0.0,0.0,0.0
2018-06-07,dogecoin,0.0,0.0,426123430.3,9636251.689999998,20308543.55,1969937.9800000004,0.0,0.0,0.0
2018-06-11,dogecoin,0.0,0.0,361946357.71,-51406978.150000036,4534855.68,1496501.7699999996,0.0,0.0,0.0
2018-06-15,dogecoin,0.0,0.0,339728194.4,17163395.339999974,8379284.8,-2430937.87,0.0,0.0,0.0
2018-06-19,dogecoin,0.0,0.0,346917531.34,11461425.089999974,6313605.94,2494322.8200000003,0.0,0.0,0.0
2018-06-23,dogecoin,0.0,0.0,308626216.65,-32059069.340000033,8171782.17,4608595.05,0.0,0.0,0.0
2018-06-27,dogecoin,0.0,0.0,283679373.4,-2953004.0400000215,3149561.86,-1448784.9700000002,0.0,0.0,0.0
2018-06-30,dogecoin,0.0,0.0,275348973.14,12977487.659999996,2315608.07,-570772.8400000003,0.0,0.0,0.0
2018-07-03,dogecoin,0.0,0.0,312278532.32,24753843.920000017,4648616.93,2966211.79,0.0,0.0,0.0
2018-07-07,dogecoin,0.0,0.0,297294141.71,1715423.4799999595,2254765.81,56748.470000000205,0.0,0.0,0.0
2018-07-11,dogecoin,0.0,0.0,276328970.81,-19953929.819999993,5812908.36,3431914.3100000005,0.0,0.0,0.0
2018-07-15,dogecoin,0.0,0.0,268465622.72,5560144.960000038,2410248.75,-1966442.5199999996,0.0,0.0,0.0
2018-07-19,dogecoin,0.0,0.0,425700390.36,53496577.31,43325799.03,27916698.53,0.0,0.0,0.0
2018-07-23,dogecoin,0.0,0.0,398785666.39,21955877.829999983,10912023.29,-214030.65000000037,0.0,0.0,0.0
2018-07-27,dogecoin,0.0,0.0,389675142.47,-15539374.469999969,6021587.85,-6632241.110000001,0.0,0.0,0.0
2018-07-31,dogecoin,0.0,0.0,377928075.49,-2152693.879999995,13035325.26,8126462.4799999995,0.0,0.0,0.0
2018-08-03,dogecoin,0.0,0.0,345830846.98,-6454449.029999971,4060834.63,-7847918.45,0.0,0.0,0.0
2018-08-07,dogecoin,0.0,0.0,321365033.16,-7341312.839999974,3692588.86,-5078516.33,0.0,0.0,0.0
2018-08-11,dogecoin,0.0,0.0,281756978.97,-14930866.559999943,3698556.79,-2095592.7800000003,0.0,0.0,0.0
2018-08-15,dogecoin,0.0,0.0,261294794.13,-11750580.689999998,10186404.8,6001077.610000001,0.0,0.0,0.0
2018-08-19,dogecoin,0.0,0.0,278187605.78,-10847753.530000031,8131349.51,3956380.05,0.0,0.0,0.0
2018-08-23,dogecoin,0.0,0.0,268213944.64,-11892530.879999995,5781439.74,3698528.08,0.0,0.0,0.0
2018-08-27,dogecoin,0.0,0.0,279870234.69,1277357.1499999762,2373730.05,-221210.89000000013,0.0,0.0,0.0
2018-08-31,dogecoin,0.0,0.0,372481173.11,69390971.79000002,41905290.57,36852527.56,0.0,0.0,0.0
2018-09-03,dogecoin,0.01,0.0,584983354.9,-145775122.17000008,197295888.16,-88043880.35999998,0.0,0.01,0.0
2018-09-07,dogecoin,0.0,-0.01,578779766.77,-1452158.1100000143,64452168.31,-53561189.28999999,0.01,0.01,0.0
2018-09-11,dogecoin,0.01,0.0,799471029.3,122644046.28999996,117455999.35,56992271.05,0.01,0.01,0.01
2018-09-15,dogecoin,0.01,0.0,717419930.82,-43257942.06999993,69389664.72,-12540277.019999996,0.01,0.01,0.01
2018-09-19,dogecoin,0.01,0.0,692437703.05,-33711924.910000086,65339957.11,10029368.259999998,0.01,0.01,0.01
2018-09-23,dogecoin,0.01,0.0,675594240.98,13036480.180000067,25316177.72,-20998900.32,0.01,0.01,0.01
2018-09-27,dogecoin,0.01,0.0,669315660.39,857655.75,20049763.68,-17814015.560000002,0.01,0.01,0.01
2018-09-30,dogecoin,0.01,0.0,685053385.99,1327461.080000043,22195771.89,-10460097.559999999,0.01,0.01,0.01
2018-10-03,dogecoin,0.01,0.0,678560009.33,-14809798.579999924,24158070.72,-8282987.580000002,0.01,0.01,0.01
2018-10-07,dogecoin,0.01,0.0,650756160.58,-11093156.669999957,46254394.24,12698452.440000005,0.01,0.01,0.01
2018-10-11,dogecoin,0.01,0.0,652552530.78,-3938826.0900000334,52730948.8,5314696.779999994,0.01,0.01,0.01
2018-10-15,dogecoin,0.01,0.0,609536185.07,-843792.0399999619,35334253.64,-1651351.5700000003,0.01,0.01,0.01
2018-10-19,dogecoin,0.0,0.0,518563653.88,-27710516.070000052,59860877.62,5341336.299999997,0.01,0.01,0.0
2018-10-23,dogecoin,0.0,0.0,522287161.52,-9332132.530000031,38638613.5,3831655.950000003,0.0,0.0,0.0
2018-10-27,dogecoin,0.0,0.0,468470525.85,32143717.02000004,44783257.16,9719102.509999998,0.0,0.0,0.0
2018-10-31,dogecoin,0.0,0.0,453614593.53,-4280190.210000038,32110880.54,-17473864.85,0.0,0.0,0.0
2018-11-03,dogecoin,0.0,0.0,442502544.44,1554086.5699999928,32429149.79,3620231.4899999984,0.0,0.0,0.0
2018-11-07,dogecoin,0.0,0.0,431969150.02,9279942.51999998,57720726.0,13682294.61,0.0,0.0,0.0
2018-11-11,dogecoin,0.0,0.0,384859982.09,18348739.349999964,39024459.06,-7020792.3999999985,0.0,0.0,0.0
2018-11-15,dogecoin,0.0,0.0,320433288.68,-24722675.24000001,45329973.73,16580290.529999997,0.0,0.0,0.0
2018-11-19,dogecoin,0.0,0.0,308366870.77,2654542.3599999547,28686382.67,-4494429.609999999,0.0,0.0,0.0
2018-11-23,dogecoin,0.0,0.0,280595248.92,-7634564.810000002,25485802.08,-22468668.57,0.0,0.0,0.0
2018-11-27,dogecoin,0.0,0.0,248132351.87,-13672090.099999994,27193708.91,-4615720.579999998,0.0,0.0,0.0
2018-11-30,dogecoin,0.0,0.0,260236361.1,-2977909.379999995,30392480.76,-3191275.5500000007,0.0,0.0,0.0
2018-12-03,dogecoin,0.0,0.0,259302282.27,-2663628.3100000024,23093070.47,-2004132.2699999996,0.0,0.0,0.0
2018-12-07,dogecoin,0.0,0.0,243049879.93,-12694821.370000005,31210372.34,98634.46999999881,0.0,0.0,0.0
2018-12-11,dogecoin,0.0,0.0,242290361.11,-524977.9499999881,24266889.2,899296.4899999984,0.0,0.0,0.0
2018-12-15,dogecoin,0.0,0.0,240582345.34,-215750.31999999285,23905700.76,-959863.1499999985,0.0,0.0,0.0
2018-12-19,dogecoin,0.0,0.0,298528494.88,4286439.389999986,50069342.08,-8409691.030000001,0.0,0.0,0.0
2018-12-23,dogecoin,0.0,0.0,290410267.15,-1516931.3900000453,27822832.84,-4890090.949999999,0.0,0.0,0.0
2018-12-27,dogecoin,0.0,0.0,281815233.79,3346100.319999993,26755428.02,3547676.4299999997,0.0,0.0,0.0
2018-12-31,dogecoin,0.0,0.0,274866864.29,-328433.2799999714,24266883.57,4074951.09,0.0,0.0,0.0
2019-01-03,dogecoin,0.0,0.0,277010958.92,-1383715.4300000072,25723772.88,2070360.289999999,0.0,0.0,0.0
2019-01-07,dogecoin,0.0,0.0,267789741.04,698108.2699999809,24099571.06,403557.41999999806,0.0,0.0,0.0
2019-01-11,dogecoin,0.0,0.0,248670052.15,-15563085.50999999,32071287.63,7488724.1499999985,0.0,0.0,0.0
2019-01-15,dogecoin,0.0,0.0,250551228.32,5907616.129999995,26577964.45,-354416.05000000075,0.0,0.0,0.0
2019-01-19,dogecoin,0.0,0.0,243659693.38,-2676514.430000007,19704334.96,1813622.0700000003,0.0,0.0,0.0
2019-01-23,dogecoin,0.0,0.0,242106448.41,-2263351.1100000143,26856947.14,1928960.9100000001,0.0,0.0,0.0
2019-01-27,dogecoin,0.0,0.0,241550008.13,-2882985.730000019,23670622.21,-614556.5299999975,0.0,0.0,0.0
2019-01-31,dogecoin,0.0,0.0,229236216.68,4967652.840000004,19754498.02,-3603385.1900000013,0.0,0.0,0.0
2019-02-03,dogecoin,0.0,0.0,228249083.2,2084828.4399999976,23498633.82,-4688966.509999998,0.0,0.0,0.0
2019-02-07,dogecoin,0.0,0.0,217797863.28,-5507255.020000011,23969767.09,1386426.4400000013,0.0,0.0,0.0
2019-02-11,dogecoin,0.0,0.0,228469985.82,-742848.7900000215,23027168.55,1695267.5300000012,0.0,0.0,0.0
2019-02-15,dogecoin,0.0,0.0,224394092.24,-62704.87000000477,23507396.51,2880998.59,0.0,0.0,0.0
2019-02-19,dogecoin,0.0,0.0,243749688.2,6097918.469999999,34120187.77,3923580.080000002,0.0,0.0,0.0
2019-02-23,dogecoin,0.0,0.0,243250713.65,2963204.400000006,27421690.75,2227870.3900000006,0.0,0.0,0.0
2019-02-27,dogecoin,0.0,0.0,236166071.03,-964240.8700000048,25735270.64,-2977095.530000001,0.0,0.0,0.0
2019-02-28,dogecoin,0.0,0.0,236706122.36,540051.3300000131,40285827.16,14550556.519999996,0.0,0.0,0.0
2019-03-07,dogecoin,0.0,0.0,236443279.89,109655.03999999166,36339065.04,-3086357.1400000006,0.0,0.0,0.0
2019-03-11,dogecoin,0.0,0.0,237318069.83,-1186177.019999981,36301052.63,-2248256.6599999964,0.0,0.0,0.0
2019-03-15,dogecoin,0.0,0.0,239185693.96,80865.3600000143,28152748.49,-4942795.75,0.0,0.0,0.0
2019-03-19,dogecoin,0.0,0.0,244828975.04,905073.7699999809,27259447.97,5159955.039999999,0.0,0.0,0.0
2019-03-23,dogecoin,0.0,0.0,239525534.53,-1796442.7899999917,52378798.55,11287840.219999999,0.0,0.0,0.0
2019-03-27,dogecoin,0.0,0.0,242591899.34,2968496.1700000167,27250633.47,-3810738.5500000007,0.0,0.0,0.0
2019-03-31,dogecoin,0.0,0.0,248000799.66,-2024790.2199999988,26743021.38,-1069011.8200000003,0.0,0.0,0.0
2019-04-03,dogecoin,0.0,0.0,339974599.97,47581913.660000026,90196204.17,11969987.530000001,0.0,0.0,0.0
2019-04-07,dogecoin,0.0,0.0,406349408.19,-20612632.74000001,92430609.54,-27658352.799999997,0.0,0.0,0.0
2019-04-11,dogecoin,0.0,0.0,358371849.2,17296872.170000017,91459107.68,1424814.9600000083,0.0,0.0,0.0
2019-04-15,dogecoin,0.0,0.0,342188702.98,3377954.4900000095,59063296.94,-6448645.690000005,0.0,0.0,0.0
2019-04-19,dogecoin,0.0,0.0,352642953.85,21155333.300000012,159269076.97,39889015.03,0.0,0.0,0.0
2019-04-23,dogecoin,0.0,0.0,335028703.73,5657058.310000002,71769044.84,-22487288.049999997,0.0,0.0,0.0
2019-04-27,dogecoin,0.0,0.0,301869685.71,7216070.75999999,58090700.25,-519485.1300000027,0.0,0.0,0.0
2019-04-30,dogecoin,0.0,0.0,294341983.27,-6003288.300000012,57724493.48,7139851.559999995,0.0,0.0,0.0
2019-05-03,dogecoin,0.0,0.0,307432237.09,7636787.7299999595,60522577.68,6676122.589999996,0.0,0.0,0.0
2019-05-07,dogecoin,0.0,0.0,309415526.63,-9887676.50999999,62072137.1,3827623.440000005,0.0,0.0,0.0
2019-05-11,dogecoin,0.0,0.0,304269298.42,2014659.3900000453,58181020.6,2258568.8800000027,0.0,0.0,0.0
2019-05-15,dogecoin,0.0,0.0,367398858.7,36562481.349999964,85415120.48,11888038.820000008,0.0,0.0,0.0
2019-05-19,dogecoin,0.0,0.0,349891725.66,-985052.1999999881,72114254.52,-16716998.230000004,0.0,0.0,0.0
2019-05-23,dogecoin,0.0,0.0,357324958.27,-5624685.74000001,89816820.6,307136.1400000006,0.0,0.0,0.0
2019-05-27,dogecoin,0.0,0.0,376783948.01,19088114.670000017,91909536.36,21297251.950000003,0.0,0.0,0.0
2019-05-31,dogecoin,0.0,0.0,392593550.62,12937519.600000024,153996030.97,35988250.53999999,0.0,0.0,0.0
2019-06-03,dogecoin,0.0,0.0,407546992.46,-13773382.150000036,93098803.62,-33813823.44,0.0,0.0,0.0
2019-06-07,dogecoin,0.0,0.0,365777311.26,-10591484.720000029,64350826.24,-14308008.669999994,0.0,0.0,0.0
2019-06-11,dogecoin,0.0,0.0,382815025.94,25686931.649999976,94630799.86,15259300.620000005,0.0,0.0,0.0
2019-06-15,dogecoin,0.0,0.0,396185467.64,25822298.550000012,99893564.6,22637562.269999996,0.0,0.0,0.0
2019-06-19,dogecoin,0.0,0.0,383921207.47,-1557910.3099999428,92624842.81,4667964.390000001,0.0,0.0,0.0
2019-06-23,dogecoin,0.0,0.0,396051546.82,5989090.50999999,128666159.85,18757743.159999996,0.0,0.0,0.0
2019-06-27,dogecoin,0.0,0.0,409636402.56,-17254416.25,118489940.53,-5328017.109999999,0.0,0.0,0.0
2019-06-30,dogecoin,0.0,0.0,409507233.49,-21496622.560000002,87408104.24,-43036154.010000005,0.0,0.0,0.0
2019-07-03,dogecoin,0.0,0.0,407566311.48,20920249.100000024,137113784.96,56903780.400000006,0.0,0.0,0.0
2019-07-07,dogecoin,0.0,0.0,441852818.18,-28085220.360000014,166973336.68,-130631774.38999999,0.0,0.0,0.0
2019-07-11,dogecoin,0.0,0.0,407708935.99,-29711278.629999995,72813385.65,-62705165.150000006,0.0,0.0,0.0
2019-07-15,dogecoin,0.0,0.0,354231517.95,-35182678.650000036,54586907.23,6169476.659999996,0.0,0.0,0.0
2019-07-19,dogecoin,0.0,0.0,378263264.19,17804144.310000002,59848006.71,-2334000.259999998,0.0,0.0,0.0
2019-07-23,dogecoin,0.0,0.0,355880068.55,-11343477.75999999,34761906.59,-449148.6599999964,0.0,0.0,0.0
2019-07-27,dogecoin,0.0,0.0,348457982.41,-1335584.8299999833,41445942.45,-6430775.509999998,0.0,0.0,0.0
2019-07-31,dogecoin,0.0,0.0,336309807.81,-755045.8999999762,43122403.89,266360.6799999997,0.0,0.0,0.0
2019-08-03,dogecoin,0.0,0.0,350960904.94,1239272.9900000095,48997964.28,2021666.0500000045,0.0,0.0,0.0
2019-08-07,dogecoin,0.0,0.0,355302385.01,-10082845.129999995,50345242.42,-11728117.549999997,0.0,0.0,0.0
2019-08-11,dogecoin,0.0,0.0,345167825.65,-6378557.530000031,51306766.54,1924915.5700000003,0.0,0.0,0.0
2019-08-15,dogecoin,0.0,0.0,327754340.3,-12070795.0,69816206.36,8280380.740000002,0.0,0.0,0.0
2019-08-19,dogecoin,0.0,0.0,327184400.75,8352962.220000029,52201957.88,3934758.780000001,0.0,0.0,0.0
2019-08-23,dogecoin,0.0,0.0,324101027.39,2412837.5,47616024.74,-2380418.789999999,0.0,0.0,0.0
2019-08-27,dogecoin,0.0,0.0,319665393.92,323902.1899999976,48368859.48,-1641255.3000000045,0.0,0.0,0.0
2019-08-31,dogecoin,0.0,0.0,298965778.66,1566157.050000012,47897207.43,-6865247.960000001,0.0,0.0,0.0
2019-09-03,dogecoin,0.0,0.0,307792760.5,10051179.209999979,51554082.44,5338771.729999997,0.0,0.0,0.0
2019-09-07,dogecoin,0.0,0.0,302848141.96,2418092.7599999905,55767902.58,-1613957.0,0.0,0.0,0.0
2019-09-11,dogecoin,0.0,0.0,296218575.31,-1255804.1800000072,53758490.3,-7338077.710000001,0.0,0.0,0.0
2019-09-15,dogecoin,0.0,0.0,295043684.25,1392363.449999988,52720574.39,4210406.039999999,0.0,0.0,0.0
2019-09-19,dogecoin,0.0,0.0,327772880.44,13971239.670000017,74426212.52,9203243.379999995,0.0,0.0,0.0
2019-09-23,dogecoin,0.0,0.0,313871957.03,364204.0799999833,62033457.11,-10547607.700000003,0.0,0.0,0.0
2019-09-27,dogecoin,0.0,0.0,260252783.73,-5285705.180000007,70580666.62,-9294020.819999993,0.0,0.0,0.0
2019-09-30,dogecoin,0.0,0.0,267453320.95,-1584946.2200000286,65087519.7,6409383.0,0.0,0.0,0.0
2019-10-03,dogecoin,0.0,0.0,283832408.72,405523.02000004053,64699792.13,-35524.96999999881,0.0,0.0,0.0
2019-10-07,dogecoin,0.0,0.0,278936319.16,-2578348.899999976,61837444.77,-287730.9099999964,0.0,0.0,0.0
2019-10-11,dogecoin,0.0,0.0,281345385.82,-5372245.25999999,74872637.36,6272836.799999997,0.0,0.0,0.0
2019-10-15,dogecoin,0.0,0.0,307774067.38,11893553.969999969,81764771.12,-690303.0699999928,0.0,0.0,0.0
2019-10-19,dogecoin,0.0,0.0,328779025.13,-5532756.920000017,82194959.7,-15911037.340000004,0.0,0.0,0.0
2019-10-23,dogecoin,0.0,0.0,312002512.28,-16304673.380000055,71592219.75,-3187790.1899999976,0.0,0.0,0.0
2019-10-27,dogecoin,0.0,0.0,319026496.43,-8875386.529999971,119294385.83,20275397.929999992,0.0,0.0,0.0
2019-10-31,dogecoin,0.0,0.0,318512151.69,-3994122.019999981,92747460.52,1835245.9799999893,0.0,0.0,0.0
2019-11-03,dogecoin,0.0,0.0,318932672.85,-763674.8499999642,80005232.23,1139992.5700000077,0.0,0.0,0.0
2019-11-07,dogecoin,0.0,0.0,318380708.58,1809263.7599999905,82324549.72,-1265964.0700000077,0.0,0.0,0.0
2019-11-11,dogecoin,0.0,0.0,337628471.04,7058996.840000033,96923803.2,5743674.280000001,0.0,0.0,0.0
2019-11-15,dogecoin,0.0,0.0,325847793.48,-2975801.430000007,76872790.26,544257.1700000018,0.0,0.0,0.0
2019-11-19,dogecoin,0.0,0.0,313641018.03,-8738512.98000002,77247753.53,409467.01000000536,0.0,0.0,0.0
2019-11-23,dogecoin,0.0,0.0,287264871.69,-8183181.819999993,99008055.14,4491756.120000005,0.0,0.0,0.0
2019-11-27,dogecoin,0.0,0.0,278440669.59,2136742.019999981,85702194.89,-19488481.33,0.0,0.0,0.0
2019-11-30,dogecoin,0.0,0.0,290044463.11,6321905.120000005,75226817.96,-7676330.590000004,0.0,0.0,0.0
2019-12-03,dogecoin,0.0,0.0,274086947.88,-5255552.819999993,49563487.0,-9122705.979999997,0.0,0.0,0.0
2019-12-07,dogecoin,0.0,0.0,272278084.02,784838.7599999905,50695505.51,55493.739999994636,0.0,0.0,0.0
2019-12-11,dogecoin,0.0,0.0,271213245.47,1469887.9600000381,52849468.34,1246736.900000006,0.0,0.0,0.0
2019-12-15,dogecoin,0.0,0.0,264068395.66,-2888835.1100000143,55987181.15,4437714.879999995,0.0,0.0,0.0
2019-12-19,dogecoin,0.0,0.0,259489856.44,10085974.379999995,63263645.26,4270989.589999996,0.0,0.0,0.0
2019-12-23,dogecoin,0.0,0.0,258921132.63,4081675.449999988,53802506.56,1475621.1000000015,0.0,0.0,0.0
2019-12-27,dogecoin,0.0,0.0,252139551.83,-2923467.769999981,55503997.35,-3431264.990000002,0.0,0.0,0.0
2019-12-31,dogecoin,0.0,0.0,251196400.19,-2205640.1100000143,57927278.94,4631191.539999999,0.0,0.0,0.0
2020-01-03,dogecoin,0.0,0.0,247094892.42,-1434754.7000000179,46080313.17,7503398.359999999,0.0,0.0,0.0
2020-01-07,dogecoin,0.0,0.0,261857064.67,7597994.549999982,38106371.07,5566780.25,0.0,0.0,0.0
2020-01-11,dogecoin,0.0,0.0,277319085.42,-3323872.519999981,53435758.98,5430794.289999999,0.0,0.0,0.0
2020-01-15,dogecoin,0.0,0.0,285915720.15,17010617.26999998,86813590.26,38124458.470000006,0.0,0.0,0.0
2020-01-19,dogecoin,0.0,0.0,307116384.32,8802976.189999998,91648033.56,-7022873.780000001,0.0,0.0,0.0
2020-01-23,dogecoin,0.0,0.0,291194286.09,-808746.8600000143,68481208.44,1038561.0600000024,0.0,0.0,0.0
2020-01-27,dogecoin,0.0,0.0,282730605.07,6477276.49000001,57079680.63,-6544346.9499999955,0.0,0.0,0.0
2020-01-31,dogecoin,0.0,0.0,299395266.28,5674539.859999955,68004034.73,7095200.380000003,0.0,0.0,0.0
2020-02-03,dogecoin,0.0,0.0,304050716.34,7859949.9799999595,74934190.65,13353378.24000001,0.0,0.0,0.0
2020-02-07,dogecoin,0.0,0.0,327915495.05,10047124.699999988,68693591.6,-6251857.120000005,0.0,0.0,0.0
2020-02-11,dogecoin,0.0,0.0,371749850.11,-25193218.379999995,104681582.68,-17901301.549999997,0.0,0.0,0.0
2020-02-15,dogecoin,0.0,0.0,382529765.14,8556340.099999964,121465386.02,-24858374.970000014,0.0,0.0,0.0
2020-02-19,dogecoin,0.0,0.0,347694085.37,17048064.45999998,120924221.36,-928167.8900000006,0.0,0.0,0.0
2020-02-23,dogecoin,0.0,0.0,323020192.19,-5335791.25999999,143129454.89,3745679.0299999714,0.0,0.0,0.0
2020-02-27,dogecoin,0.0,0.0,287388014.03,-20252820.46000004,174293462.5,14763368.780000001,0.0,0.0,0.0
2020-02-29,dogecoin,0.0,0.0,285088979.42,-3641763.169999957,130103960.27,-8812339.440000013,0.0,0.0,0.0
2020-03-03,dogecoin,0.0,0.0,292637623.87,16112285.75999999,141216615.14,8904142.969999984,0.0,0.0,0.0
2020-03-07,dogecoin,0.0,0.0,307450941.5,1150517.019999981,81573107.81,-4120416.730000004,0.0,0.0,0.0
2020-03-11,dogecoin,0.0,0.0,272532064.58,977380.9900000095,88469387.35,-17184026.52000001,0.0,0.0,0.0
2020-03-15,dogecoin,0.0,0.0,205572589.56,-7088322.060000002,83287639.85,-79110074.14000002,0.0,0.0,0.0
2020-03-19,dogecoin,0.0,0.0,199830238.35,-4150602.7899999917,74515510.59,-8452.709999993443,0.0,0.0,0.0
2020-03-23,dogecoin,0.0,0.0,213918482.19,-6653203.840000004,135249014.28,2192881.4899999946,0.0,0.0,0.0
2020-03-27,dogecoin,0.0,0.0,230221150.2,2931458.699999988,129916986.99,-7629611.62000002,0.0,0.0,0.0
2020-03-31,dogecoin,0.0,0.0,224115611.06,10942030.390000015,130308976.22,2484248.730000004,0.0,0.0,0.0
2020-04-03,dogecoin,0.0,0.0,233977644.13,2368850.9099999964,135883818.37,2587888.400000006,0.0,0.0,0.0
2020-04-07,dogecoin,0.0,0.0,247255676.25,16950612.689999998,145502189.34,21759802.790000007,0.0,0.0,0.0
2020-04-11,dogecoin,0.0,0.0,242951200.6,-8146566.26000002,134671135.28,11121843.079999998,0.0,0.0,0.0
2020-04-15,dogecoin,0.0,0.0,244175467.5,922521.7400000095,124216047.96,-5433040.220000014,0.0,0.0,0.0
2020-04-19,dogecoin,0.0,0.0,255976766.63,7642000.659999996,127629256.48,5899403.75,0.0,0.0,0.0
2020-04-23,dogecoin,0.0,0.0,249659994.3,6103434.520000011,126033359.24,1635939.3399999887,0.0,0.0,0.0
2020-04-27,dogecoin,0.0,0.0,288757849.46,25438764.899999976,233725625.08,54035986.900000006,0.0,0.0,0.0
2020-04-30,dogecoin,0.0,0.0,318102189.91,29071606.75,242370965.83,42087246.130000025,0.0,0.0,0.0
2020-05-03,dogecoin,0.0,0.0,315929917.63,6334130.180000007,206828067.27,-12266086.810000002,0.0,0.0,0.0
2020-05-07,dogecoin,0.0,0.0,313109921.02,2919821.8499999642,194670688.82,3245458.430000007,0.0,0.0,0.0
2020-05-11,dogecoin,0.0,0.0,302726858.92,-18619870.75,232503916.47,172346.68000000715,0.0,0.0,0.0
2020-05-15,dogecoin,0.0,0.0,325137727.17,7259997.800000012,230680148.76,19358316.120000005,0.0,0.0,0.0
2020-05-19,dogecoin,0.0,0.0,316949353.44,-1355028.3299999833,206083120.89,7637759.079999983,0.0,0.0,0.0
2020-05-23,dogecoin,0.0,0.0,314467655.86,12451410.24000001,142767321.3,7203305.0,0.0,0.0,0.0
2020-05-27,dogecoin,0.0,0.0,312807914.22,844871.9700000286,125833705.39,-24239948.450000003,0.0,0.0,0.0
2020-05-31,dogecoin,0.0,0.0,325041563.12,12956265.610000014,126050717.59,-9196055.870000005,0.0,0.0,0.0
2020-06-03,dogecoin,0.0,0.0,315259162.21,-22002206.79000002,131645486.66,340207.700000003,0.0,0.0,0.0
2020-06-07,dogecoin,0.0,0.0,322823373.16,-24536.719999969006,113261241.7,-13023768.980000004,0.0,0.0,0.0
2020-06-11,dogecoin,0.0,0.0,322228412.2,2813641.839999974,120182402.65,9637058.650000006,0.0,0.0,0.0
2020-06-15,dogecoin,0.0,0.0,311717946.83,-4315032.150000036,114283771.52,-16184204.180000007,0.0,0.0,0.0
2020-06-19,dogecoin,0.0,0.0,307564709.06,-2065148.3799999952,116189638.2,-17693733.310000002,0.0,0.0,0.0
2020-06-23,dogecoin,0.0,0.0,309978338.15,4315723.7299999595,130949233.95,19021113.39,0.0,0.0,0.0
2020-06-27,dogecoin,0.0,0.0,295428579.1,-6108358.689999998,108353614.97,-1405916.7699999958,0.0,0.0,0.0
2020-06-30,dogecoin,0.0,0.0,289081753.37,-776698.6000000238,121204871.88,-5575831.88000001,0.0,0.0,0.0
2020-07-03,dogecoin,0.0,0.0,291344439.52,-4128948.7599999905,63481908.28,-39868746.629999995,0.0,0.0,0.0
2020-07-07,dogecoin,0.0,0.0,324376835.9,35553628.620000005,87267637.82,14120145.789999992,0.0,0.0,0.0
2020-07-11,dogecoin,0.0,0.0,446234010.2,-102074628.50000006,277250306.09,-153714199.31,0.0,0.0,0.0
2020-07-15,dogecoin,0.0,0.0,412799771.13,19685450.670000017,140953982.77,-38187978.94,0.0,0.0,0.0
2020-07-19,dogecoin,0.0,0.0,441694537.24,57212017.69,245241741.09,124571386.9,0.0,0.0,0.0
2020-07-23,dogecoin,0.0,0.0,412054060.24,-2541478.9900000095,103035469.49,-47280999.11,0.0,0.0,0.0
2020-07-27,dogecoin,0.0,0.0,406154075.02,-4407791.660000026,106754750.66,-4380207.900000006,0.0,0.0,0.0
2020-07-31,dogecoin,0.0,0.0,406372448.38,8270539.040000021,97619245.17,1124750.5300000012,0.0,0.0,0.0
2020-08-03,dogecoin,0.0,0.0,420429350.21,-46609771.19,134791619.62,-54930617.34,0.0,0.0,0.0
2020-08-07,dogecoin,0.0,0.0,446347339.18,5467162.620000005,106062511.96,-12377894.730000004,0.0,0.0,0.0
2020-08-11,dogecoin,0.0,0.0,438993651.57,3974832.319999993,165789779.0,8877899.49000001,0.0,0.0,0.0
2020-08-15,dogecoin,0.0,0.0,448655549.22,12385484.74000001,168616112.53,-18267952.090000004,0.0,0.0,0.0
2020-08-19,dogecoin,0.0,0.0,441006364.91,-12748102.139999986,164627570.37,8314394.74000001,0.0,0.0,0.0
2020-08-23,dogecoin,0.0,0.0,433687186.87,7319060.139999986,159336753.37,-15673898.879999995,0.0,0.0,0.0
2020-08-27,dogecoin,0.0,0.0,414322072.15,-22606.810000002384,170734081.22,13903385.889999986,0.0,0.0,0.0
2020-08-31,dogecoin,0.0,0.0,414616017.25,1074444.6100000143,176682135.61,-17139205.51999998,0.0,0.0,0.0
2020-09-03,dogecoin,0.0,0.0,389604298.36,-20737993.550000012,119362426.63,-68715041.44,0.0,0.0,0.0
2020-09-07,dogecoin,0.0,0.0,349731791.61,3668204.6700000167,160023366.51,21491233.819999993,0.0,0.0,0.0
2020-09-11,dogecoin,0.0,0.0,354979160.44,4317975.670000017,163488674.72,48052504.730000004,0.0,0.0,0.0
2020-09-15,dogecoin,0.0,0.0,353129088.15,2409645.1099999547,146588554.09,13634024.090000004,0.0,0.0,0.0
2020-09-19,dogecoin,0.0,0.0,351370413.66,-4517209.589999974,155984975.19,-14648317.150000006,0.0,0.0,0.0
2020-09-23,dogecoin,0.0,0.0,333107659.33,421840.97999995947,109840858.14,-19651128.929999992,0.0,0.0,0.0
2020-09-27,dogecoin,0.0,0.0,341467884.02,527777.4099999666,116122723.58,-17738074.939999998,0.0,0.0,0.0
2020-09-30,dogecoin,0.0,0.0,337793589.39,2354554.149999976,117696788.02,9689486.209999993,0.0,0.0,0.0
2020-10-03,dogecoin,0.0,0.0,326849474.34,-5842049.920000017,137496941.34,12242734.840000004,0.0,0.0,0.0
2020-10-07,dogecoin,0.0,0.0,329890404.19,-1107420.9900000095,116780007.82,-24422481.090000004,0.0,0.0,0.0
2020-10-11,dogecoin,0.0,0.0,336574307.32,860422.6499999762,98879401.7,-3542583.0099999905,0.0,0.0,0.0
2020-10-15,dogecoin,0.0,0.0,335281826.08,1271470.9300000072,92411042.54,10431884.230000004,0.0,0.0,0.0
2020-10-19,dogecoin,0.0,0.0,329291126.36,1053422.5600000024,74475416.65,-55297668.03999999,0.0,0.0,0.0
2020-10-23,dogecoin,0.0,0.0,336635193.73,4900023.060000002,44994737.56,3459376.460000001,0.0,0.0,0.0
2020-10-27,dogecoin,0.0,0.0,339025558.38,2369351.180000007,102845432.32,46885879.64999999,0.0,0.0,0.0
2020-10-31,dogecoin,0.0,0.0,328568259.1,-82174.52999997139,59934492.55,-6532414.07,0.0,0.0,0.0
2020-11-03,dogecoin,0.0,0.0,320474308.66,-6328594.449999988,55521138.65,2170290.259999998,0.0,0.0,0.0
2020-11-07,dogecoin,0.0,0.0,350155278.82,13651188.409999967,90412509.79,20265086.46000001,0.0,0.0,0.0
2020-11-11,dogecoin,0.0,0.0,351265740.47,11670010.48000002,62506709.23,8334135.089999996,0.0,0.0,0.0
2020-11-15,dogecoin,0.0,0.0,349939417.55,-10747478.709999979,49169560.31,68484.03000000119,0.0,0.0,0.0
2020-11-19,dogecoin,0.0,0.0,371288621.36,-3068538.370000005,62937646.14,-3622982.990000002,0.0,0.0,0.0
2020-11-23,dogecoin,0.0,0.0,430016060.34,-16335339.23000002,156220975.87,-29032862.310000002,0.0,0.0,0.0
2020-11-27,dogecoin,0.0,0.0,413451233.05,-60034834.74000001,175112452.39,-13515369.090000004,0.0,0.0,0.0
2020-11-30,dogecoin,0.0,0.0,434295427.59,-309096.5,84050075.99,-13390403.420000002,0.0,0.0,0.0
2020-12-03,dogecoin,0.0,0.0,430431470.51,3250565.539999962,84065260.3,-25392221.019999996,0.0,0.0,0.0
2020-12-07,dogecoin,0.0,0.0,431572835.71,-874497.7100000381,64970453.94,-6189549.820000008,0.0,0.0,0.0
2020-12-11,dogecoin,0.0,0.0,397073749.55,-4996511.159999967,64835102.01,-10044540.21,0.0,0.0,0.0
2020-12-15,dogecoin,0.0,0.0,411207642.4,-4877090.050000012,61430801.47,-2925875.2700000033,0.0,0.0,0.0
2020-12-19,dogecoin,0.0,0.0,487874217.16,12560866.689999998,128526320.89,-51804063.36999999,0.0,0.0,0.0
2020-12-23,dogecoin,0.0,0.0,578585500.05,-34176829.78000009,236179119.02,-346513316.98,0.0,0.0,0.0
2020-12-27,dogecoin,0.0,0.0,576604270.32,-9278011.919999957,161587640.97,7223124.699999988,0.0,0.0,0.0
2020-12-31,dogecoin,0.0,0.0,591471700.06,19990567.73999989,138903963.94,1884796.0399999917,0.0,0.0,0.0
2021-01-03,dogecoin,0.01,0.0,1354819956.94,647243748.95,3117161274.36,2872554170.55,0.0,0.01,0.0
2021-01-07,dogecoin,0.01,0.0,1331066850.69,73189746.42000008,699719977.72,56622619.99000001,0.01,0.01,0.01
2021-01-11,dogecoin,0.01,0.0,1263664502.94,-43134987.56999993,430989178.52,-52412903.68000001,0.01,0.01,0.01
2021-01-15,dogecoin,0.01,0.0,1211261062.4,104634463.38000011,475592505.29,196318278.49,0.01,0.01,0.01
2021-01-19,dogecoin,0.01,0.0,1180603793.09,25216704.319999933,292476114.03,-38904978.92000002,0.01,0.01,0.01
2021-01-23,dogecoin,0.01,0.0,1087438950.41,42596172.72000003,293811759.97,-3344430.48999995,0.01,0.01,0.01
2021-01-27,dogecoin,0.01,0.0,1053619538.52,-18993781.25,211765468.69,-24502601.870000005,0.01,0.01,0.01
2021-01-31,dogecoin,0.03,-0.020000000000000004,3654877536.82,-2413094315.31,7417688490.91,-14338454896.900002,0.01,0.05,0.01
2021-02-03,dogecoin,0.03,0.0,4054295191.83,-379389423.6999998,2444614954.71,-2211908453.8999996,0.04,0.04,0.03
2021-02-07,dogecoin,0.06,0.009999999999999995,7271788223.66,1238567340.4899998,5679785681.17,518980040.59000015,0.04,0.06,0.04
2021-02-11,dogecoin,0.07,0.0,9381046299.07,402735273.3999996,6304018582.05,122883859.2300005,0.08,0.08,0.07
2021-02-15,dogecoin,0.06,-0.010000000000000009,7963525499.22,-620317526.46,3318277601.18,1043230075.0799999,0.07,0.07,0.06
2021-02-19,dogecoin,0.06,0.009999999999999995,7729583761.28,1472673125.6899996,4660795048.42,2401096240.65,0.06,0.06,0.05
2021-02-23,dogecoin,0.05,-0.009999999999999995,6873239454.79,-472061897.64000034,3430333609.09,707091618.6500001,0.06,0.06,0.05
2021-02-27,dogecoin,0.05,0.0,6487737133.94,33715822.13999939,1862673178.03,-607294800.2099998,0.05,0.06,0.05
2021-02-28,dogecoin,0.05,0.0,6538921364.48,51184230.53999996,1478258321.66,-384414856.3699999,0.05,0.05,0.05
2021-03-07,dogecoin,0.05,0.0,6545855781.14,124197787.13000011,1561141043.92,202638508.21000004,0.05,0.05,0.05
2021-03-11,dogecoin,0.06,0.0,7232723297.05,-214108377.64999962,1677010512.27,-852476405.4200001,0.05,0.06,0.05
2021-03-15,dogecoin,0.06,0.0,7610317577.68,-140129879.67000008,2759123151.69,850191378.19,0.06,0.06,0.06
2021-03-19,dogecoin,0.06,0.0,7429523848.35,-88225424.48999977,990194953.95,254245.08000004292,0.06,0.06,0.06
2021-03-23,dogecoin,0.06,0.0,7186846705.62,-206985653.5699997,895730939.66,-52118346.399999976,0.06,0.06,0.06
2021-03-27,dogecoin,0.05,0.0,6940289324.52,364961556.3000002,834542001.46,-395073849.52,0.05,0.05,0.05
2021-03-31,dogecoin,0.05,0.0,7046811980.47,-32917307.599999428,1141286834.29,207822286.30999994,0.05,0.05,0.05
2021-04-03,dogecoin,0.06,0.0,7507812667.99,-417075364.65999985,2448301264.83,-3507409756.9800005,0.05,0.06,0.05
2021-04-07,dogecoin,0.06,0.0,8342298639.84,627261348.29,2979685710.64,1157482737.6899998,0.06,0.06,0.06
2021-04-11,dogecoin,0.06,0.0,8249317321.21,312720909.0500002,1492859570.06,257683295.8499999,0.06,0.06,0.06
2021-04-15,dogecoin,0.12,0.03,15701118351.14,3587859879.74,19595646413.9,12223137906.990002,0.07,0.12,0.07
2021-04-19,dogecoin,0.32,0.030000000000000027,41360056945.15,3876472123.6500015,23753545992.45,-6547875165.91,0.18,0.37,0.18
2021-04-23,dogecoin,0.26,-0.04999999999999999,34105735062.87,-5765944874.689999,12372638669.79,1127017078.9100018,0.41,0.41,0.26
2021-04-27,dogecoin,0.27,0.020000000000000018,35161130278.75,2109771748.7999992,6413613556.85,-328788699.9499998,0.25,0.27,0.25
2021-04-30,dogecoin,0.31,-0.010000000000000009,39626179176.75,-2117795800.9100037,5635975307.34,-9674440668.67,0.27,0.32,0.27
2021-05-03,dogecoin,0.38,-0.010000000000000009,49014916719.25,-1734038360.1600037,9009865374.51,-2609197672.75,0.34,0.39,0.34
2021-05-07,dogecoin,0.58,-0.08000000000000007,75249721642.54,-9621997027.340012,19023046812.15,-25621472921.939995,0.44,0.66,0.44
2021-05-11,dogecoin,0.45,-0.11999999999999994,58441555673.07,-15926562567.04,17200364811.11,-31852927674.370003,0.68,0.68,0.45
2021-05-15,dogecoin,0.56,0.07000000000000006,73202813078.19,9844985088.32,21034363818.13,168516985.17000198,0.5,0.56,0.42
2021-05-19,dogecoin,0.48,-0.010000000000000009,62100584438.78,-792867656.8199997,5522377790.0,-2570991333.1800003,0.51,0.52,0.48
2021-05-23,dogecoin,0.34,-0.009999999999999953,44531404175.96,-1393914085.5800018,6521890070.47,-1839774725.6899996,0.34,0.4,0.34
2021-05-27,dogecoin,0.35,0.009999999999999953,45956150665.45,1192775417.7299957,4005070154.33,-2509589389.1099997,0.31,0.36,0.31
2021-05-31,dogecoin,0.3,0.0,39123526701.49,-472345536.1800003,2927395691.95,-464988994.23,0.33,0.33,0.3
2021-06-03,dogecoin,0.43,0.06,55454564158.65,6993235104.529999,12390396037.57,5657068435.219999,0.33,0.43,0.33
2021-06-07,dogecoin,0.37,0.0,48392042543.56,250628473.22000122,2150393720.38,-1991014719.5899997,0.4,0.4,0.37
2021-06-11,dogecoin,0.33,-0.010000000000000009,42852644186.12,-1916446749.3199997,2902010287.19,-913904760.52,0.33,0.34,0.33
2021-06-15,dogecoin,0.33,0.0,42647566148.27,389740186.3499985,2303945198.67,370768424.73,0.32,0.33,0.31
2021-06-19,dogecoin,0.29,-0.020000000000000018,38143539821.58,-1689556865.0800018,2225163522.52,851100304.9000001,0.32,0.32,0.29
2021-06-23,dogecoin,0.19,0.010000000000000009,24507032193.42,1178027669.2799988,6153862251.57,135863272.89999962,0.29,0.29,0.18
2021-06-27,dogecoin,0.24,0.0,31477659181.33,-211385553.5699997,3495938718.05,-3147622301.46,0.24,0.26,0.24
2021-06-30,dogecoin,0.26,0.0,34483021648.35,1047201620.4899979,2762721209.13,283433590.47000027,0.26,0.26,0.26
2021-07-03,dogecoin,0.25,0.0,31898689668.96,-141136928.97000122,1889927472.25,-1378614384.83,0.25,0.25,0.25
2021-07-07,dogecoin,0.23,0.0,30498108425.52,157877363.3899994,1337006929.66,2488168.3600001335,0.25,0.25,0.23
2021-07-11,dogecoin,0.21,-0.010000000000000009,27673709685.76,-807147104.4500008,1746924474.01,-1512789200.16,0.23,0.23,0.21
2021-07-15,dogecoin,0.2,0.0,25714758614.28,-94656038.30000305,1429641638.92,95365956.27999997,0.21,0.21,0.2
2021-07-19,dogecoin,0.18,0.0,24010766979.61,44690218.77999878,1524012211.59,-1184778342.0800002,0.18,0.18,0.17
2021-07-23,dogecoin,0.19,0.0,24989319857.17,87023195.05999756,1590344694.49,-2073273541.53,0.17,0.19,0.17
2021-07-27,dogecoin,0.21,0.009999999999999981,26908901181.24,850382031.9700012,4968959293.4,3317024623.54,0.19,0.21,0.19
2021-07-31,dogecoin,0.21,0.0,26938467544.26,-314491629.30000305,1588419178.88,-142482058.38999987,0.2,0.21,0.2
2021-08-03,dogecoin,0.2,-0.009999999999999981,26644210984.92,227494357.45999908,1012290885.68,-870536507.88,0.21,0.21,0.2
2021-08-07,dogecoin,0.21,0.009999999999999981,26821969244.95,491293291.2400017,1213952377.78,104008790.48000002,0.2,0.21,0.2
2021-08-11,dogecoin,0.26,0.0,33601237794.94,544593419.0200005,2974048188.62,-873066627.75,0.26,0.26,0.24
2021-08-15,dogecoin,0.29,0.0,38430885599.58,1159656207.5999985,3761196112.87,700716477.7399998,0.27,0.29,0.27
2021-08-19,dogecoin,0.3,0.0,39924385528.41,936861886.7700043,5030258841.92,411157382.10999966,0.34,0.34,0.3
2021-08-23,dogecoin,0.31,-0.010000000000000009,41187995246.74,-303619666.0400009,1919024710.66,-300135278.0599997,0.31,0.33,0.31
2021-08-27,dogecoin,0.27,-0.019999999999999962,35773389026.58,-2623286990.1800003,2079136312.78,-76243561.1400001,0.32,0.32,0.27
2021-08-31,dogecoin,0.27,-0.010000000000000009,35462720001.7,-1420590699.550003,1568735112.04,286531963.01,0.29,0.29,0.27
2021-09-03,dogecoin,0.3,0.010000000000000009,38819265914.79,477248417.4599991,2699139125.41,961022340.4499998,0.28,0.3,0.28
2021-09-07,dogecoin,0.31,0.0,40624959968.89,-326853856.6800003,2245729272.35,162808958.13999987,0.3,0.31,0.3
2021-09-11,dogecoin,0.24,-0.010000000000000009,31486963338.12,-1685018661.710003,1562458807.01,32658132.859999895,0.26,0.26,0.24
2021-09-15,dogecoin,0.24,0.0,31648603798.41,556349662.829998,872222557.09,-724006484.7099999,0.24,0.25,0.24
2021-09-19,dogecoin,0.24,0.0,31788925028.12,147926576.8899994,912228844.28,-1074504917.88,0.25,0.25,0.24
2021-09-23,dogecoin,0.22,0.01999999999999999,29476367021.01,3265371547.5199966,1753590767.55,196752269.02999997,0.23,0.23,0.2
2021-09-27,dogecoin,0.21,0.0,27453142736.56,-114918298.73999786,1069225816.72,127843764.77999997,0.23,0.23,0.21
2021-09-30,dogecoin,0.2,0.0,26244810643.7,390255404.94000244,793650712.76,22970495.860000014,0.2,0.2,0.2
2021-10-03,dogecoin,0.22,0.0,28843582961.7,-420593822.84000015,1018419282.25,-234688474.51999998,0.2,0.22,0.2
2021-10-07,dogecoin,0.25,0.0,33034727302.68,-80575924.90999985,4110248358.75,41611004.369999886,0.22,0.25,0.22
2021-10-11,dogecoin,0.23,-0.01999999999999999,30206110262.03,-2340803285.0,1155512151.42,-192380481.22000003,0.24,0.25,0.23
2021-10-15,dogecoin,0.23,0.0,30658843960.73,20599156.64999771,1246214723.94,-11701618.869999886,0.23,0.23,0.23
2021-10-19,dogecoin,0.25,0.010000000000000009,32573725269.26,1229662508.1399994,4425113298.53,3085862030.12,0.24,0.25,0.24
2021-10-23,dogecoin,0.25,0.010000000000000009,32506463986.97,412810778.2400017,1864736299.2,154521776.1300001,0.25,0.25,0.24
2021-10-27,dogecoin,0.26,-0.010000000000000009,33859397596.51,-1081826655.8600044,2714016375.82,-626073391.3799996,0.25,0.28,0.25
2021-10-31,dogecoin,0.27,-0.019999999999999962,35341200120.79,-2843588534.4799957,3599197250.3,-2284109610.79,0.24,0.3,0.24
2021-11-03,dogecoin,0.27,0.0,36049337832.26,128319748.79000092,2448991837.18,-489232859.03999996,0.28,0.28,0.27
2021-11-07,dogecoin,0.26,0.0,34667024254.25,159062898.54000092,1589126692.6,-64764200.56000018,0.27,0.27,0.26
2021-11-11,dogecoin,0.26,-0.010000000000000009,33523008507.98,-2751777201.7199974,2821821732.76,479473080.96000004,0.27,0.28,0.26
2021-11-15,dogecoin,0.26,0.0,34939809035.16,272039185.8500061,1614387238.28,270166988.18000007,0.26,0.26,0.26
2021-11-19,dogecoin,0.22,-0.01999999999999999,29299038496.74,-2275938232.6299973,1731616054.16,318930227.58000016,0.26,0.26,0.22
2021-11-23,dogecoin,0.22,-0.010000000000000009,29089986845.83,-1255548196.6299973,1071295452.64,151873271.39999998,0.23,0.23,0.22
2021-11-27,dogecoin,0.2,-0.01999999999999999,26775845330.12,-2534742340.460003,2369326533.06,1170046596.51,0.23,0.23,0.2
2021-11-30,dogecoin,0.22,0.010000000000000009,28521528060.06,1063933509.9000015,1884339529.16,568159471.44,0.2,0.22,0.2
2021-12-03,dogecoin,0.21,0.0,27757626765.31,33058862.030002594,1915107774.64,996563289.2300001,0.21,0.21,0.21
2021-12-07,dogecoin,0.18,0.009999999999999981,23606751296.78,918000351.449997,1840846268.68,402122841.73,0.2,0.2,0.17
2021-12-11,dogecoin,0.17,0.0,21900883982.64,-709234304.0299988,780125454.43,-156464384.23000002,0.18,0.18,0.17
2021-12-15,dogecoin,0.19,0.03,25340873989.9,4401586117.730003,5997692276.3,5096501599.7,0.17,0.19,0.16
2021-12-19,dogecoin,0.17,0.0,22867762956.28,378290693.44999695,783345233.02,-921010751.4000001,0.18,0.18,0.17
2021-12-23,dogecoin,0.17,0.0,23071668321.91,238815435.54999924,998599704.56,162604150.44999993,0.17,0.17,0.17
2021-12-27,dogecoin,0.19,0.0,25325430349.79,-196047946.68999863,937510552.6,-269614822.2399999,0.18,0.19,0.18
2021-12-31,dogecoin,0.17,0.0,22763459511.17,586385666.2599983,876843164.08,-249524982.9699999,0.19,0.19,0.17
2022-01-03,dogecoin,0.17,0.0,23189354835.9,154998732.3600006,767770586.02,67536481.36000001,0.17,0.17,0.17
2022-01-07,dogecoin,0.16,0.0,21332694300.48,92358481.13999939,988297614.82,-239857616.34000003,0.17,0.17,0.16
2022-01-11,dogecoin,0.14,-0.009999999999999981,19012630701.61,-951769932.3999977,827247230.62,253180865.25,0.16,0.16,0.14
2022-01-15,dogecoin,0.18,0.009999999999999981,24358811361.84,1449427604.2400017,5107792258.87,2943175696.15,0.15,0.18,0.15
2022-01-19,dogecoin,0.17,0.0,21963345668.81,-784206734.5399971,942911903.59,-121058445.10000002,0.19,0.19,0.17
2022-01-23,dogecoin,0.13,-0.010000000000000009,17699687754.99,-1223440536.1899986,1895282614.37,588526420.01,0.16,0.16,0.13
2022-01-27,dogecoin,0.14,0.0,19186152852.95,111176605.45000076,1192737503.99,-337050634.78999996,0.14,0.14,0.14
2022-01-31,dogecoin,0.14,0.0,18537341641.04,-469950334.23999786,324442352.0,-102833740.32,0.14,0.14,0.14
2022-02-03,dogecoin,0.14,0.0,18236982942.12,-714339369.6200027,521231759.38,70806414.68,0.14,0.14,0.14
2022-02-07,dogecoin,0.15,0.0,20429634386.8,878469499.3099976,672669138.28,55179965.51999998,0.14,0.15,0.14
2022-02-11,dogecoin,0.15,-0.010000000000000009,20203130340.15,-945932883.2799988,849270506.67,15531754.26999998,0.17,0.17,0.15
2022-02-15,dogecoin,0.15,0.0,19379828533.05,-376367654.5400009,713209878.47,-518204664.20000005,0.15,0.15,0.14
2022-02-19,dogecoin,0.14,0.0,18432330982.73,-15728507.950000763,469164990.7,-168030123.88000005,0.15,0.15,0.14
2022-02-23,dogecoin,0.13,0.0,17498675789.23,323297685.6899986,578514808.56,-165513285.82000005,0.14,0.14,0.13
2022-02-27,dogecoin,0.13,0.0,16904081014.6,-66484165.690000534,425389398.9,-207875029.77999997,0.13,0.13,0.12
2022-02-28,dogecoin,0.12,-0.010000000000000009,16368162696.82,-535918317.7800007,821388956.94,395999558.0400001,0.12,0.13,0.12
2022-03-07,dogecoin,0.12,-0.010000000000000009,16022285140.03,-611350605.8899994,450121950.99,92421990.37,0.13,0.13,0.12
2022-03-11,dogecoin,0.12,0.0,15513048239.11,-612473394.789999,602381396.95,45284190.410000086,0.12,0.12,0.12
2022-03-15,dogecoin,0.11,0.0,15094262969.35,264893669.1800003,749557340.47,378855903.91,0.12,0.12,0.11
2022-03-19,dogecoin,0.12,0.0,15840145554.72,384792288.0100002,360212718.01,14319928.599999964,0.11,0.12,0.11
2022-03-23,dogecoin,0.12,0.0,16238962822.17,437143943.34000015,468365801.74,111973859.94999999,0.12,0.12,0.12
2022-03-27,dogecoin,0.14,0.010000000000000009,18037221358.62,665099892.4099998,679906092.54,-163596396.09000003,0.13,0.14,0.13
2022-03-31,dogecoin,0.14,0.0,19046182054.0,-110521457.04000092,1429100276.6,514030084.78999996,0.14,0.14,0.14
2022-04-03,dogecoin,0.14,0.0,18434882794.13,-301480635.37999725,669846329.5,-194588850.05999994,0.14,0.14,0.14
2022-04-07,dogecoin,0.14,-0.03,19026950766.31,-3814366595.5999985,3516150438.69,-1296747720.5899997,0.15,0.17,0.14
2022-04-11,dogecoin,0.15,0.009999999999999981,19987358570.52,822097318.1800003,1856658866.5,1194940451.04,0.15,0.15,0.14
2022-04-15,dogecoin,0.14,0.0,19135452488.48,522196652.3199997,1696769110.17,796271151.9200001,0.13,0.14,0.13
2022-04-19,dogecoin,0.14,0.0,18560726316.81,68628354.22999954,902124403.94,217908864.0100001,0.15,0.15,0.14
2022-04-23,dogecoin,0.14,0.0,18114700373.05,13597449.450000763,507868494.19,-228373073.97999996,0.14,0.14,0.14
2022-04-27,dogecoin,0.14,-0.01999999999999999,18349006707.82,-2540812915.130001,4019215672.98,-508685240.19000006,0.13,0.16,0.13
2022-04-30,dogecoin,0.14,0.0,17933830962.14,-262030517.1100006,1405254788.65,378466772.4200001,0.14,0.14,0.14
2022-05-03,dogecoin,0.13,0.0,17399350034.09,-250426101.0699997,717964010.55,-205566238.60000002,0.13,0.13,0.13
2022-05-07,dogecoin,0.13,0.0,17045855793.43,-26116210.209999084,873092355.01,-247822867.87000012,0.13,0.14,0.13
2022-05-11,dogecoin,0.11,0.0,14356655182.11,416041678.27000046,1520357821.45,318579598.52,0.13,0.13,0.11
2022-05-15,dogecoin,0.09,0.0,11957938633.76,221582394.37000084,669763901.56,-494828280.96000004,0.08,0.09,0.08
2022-05-19,dogecoin,0.08,-0.009999999999999995,11164647985.01,-838506926.1700001,440619370.13,-93588689.56,0.09,0.09,0.08
2022-05-23,dogecoin,0.09,0.009999999999999995,11454406399.53,239164812.73000145,361098076.21,105820047.24999997,0.09,0.09,0.08
2022-05-27,dogecoin,0.08,0.0,10456564437.16,-684787428.6000004,549191029.12,209091972.5,0.08,0.08,0.08
2022-05-31,dogecoin,0.09,0.009999999999999995,11658820775.23,576062351.0799999,578346029.05,278782477.78999996,0.08,0.09,0.08
2022-06-03,dogecoin,0.08,0.0,10985912220.46,233056500.0699997,379734809.65,-341959973.76,0.09,0.09,0.08
2022-06-07,dogecoin,0.08,0.0,11024204528.85,148964229.10000038,462664806.18,211805822.73000002,0.08,0.08,0.08
2022-06-11,dogecoin,0.08,0.0,10033939051.41,-551076626.0200005,386321802.33,120226816.07,0.08,0.08,0.08
2022-06-15,dogecoin,0.06,0.009999999999999995,7345995693.68,166231804.20000076,751863076.93,-477638381.37,0.07,0.07,0.05
2022-06-19,dogecoin,0.05,-0.009999999999999995,7047151688.86,-532952230.9300003,579005092.81,243539436.25999993,0.06,0.06,0.05
2022-06-23,dogecoin,0.06,-0.010000000000000009,8191131933.11,-520952322.3000002,556963291.6,-399014117.88,0.06,0.07,0.06
2022-06-27,dogecoin,0.07,0.0,9782819383.06,703080546.2299995,805499568.76,428544237.90999997,0.06,0.07,0.06
2022-06-30,dogecoin,0.07,0.0,9229637613.93,485608602.710001,527579477.63,54743772.24000001,0.07,0.07,0.07
2022-07-03,dogecoin,0.07,0.0,8865691308.25,-7298408.1000003815,304929087.45,-102181347.40000004,0.07,0.07,0.07
2022-07-07,dogecoin,0.07,0.0,9109241481.58,200039817.45999908,339248628.55,-3072626.449999988,0.07,0.07,0.07
2022-07-11,dogecoin,0.07,0.0,8935615653.76,-297163298.79999924,255195815.6,42858321.75999999,0.07,0.07,0.07
2022-07-15,dogecoin,0.06,0.0,8309308240.19,80324220.21000004,302864614.24,-87847215.95999998,0.06,0.06,0.06
2022-07-19,dogecoin,0.07,0.010000000000000009,8930944419.81,498566992.90999985,573376545.59,323559029.03000003,0.06,0.07,0.06
2022-07-23,dogecoin,0.07,0.0,8951022775.87,-340805607.72999954,370742500.29,-55515505.129999995,0.07,0.07,0.07
2022-07-27,dogecoin,0.06,0.0,8308332157.75,61586556.19999981,307682587.8,-25418203.569999993,0.07,0.07,0.06
2022-07-31,dogecoin,0.07,0.0,9225640212.82,-51860657.26000023,679109266.57,49768522.70000005,0.07,0.07,0.07
2022-08-03,dogecoin,0.07,0.0,8926613927.98,-183132753.38000107,368445590.87,-63690623.54000002,0.07,0.07,0.07
2022-08-07,dogecoin,0.07,0.0,9128364802.15,-121992492.70000076,312552830.95,-66837071.47000003,0.07,0.07,0.07
2022-08-11,dogecoin,0.07,0.0,9459742166.03,254500729.01000023,473787491.06,-146750649.83999997,0.07,0.07,0.07
2022-08-15,dogecoin,0.08,0.009999999999999995,10874183943.61,1172721060.3400002,1472169164.88,1042637790.0700002,0.07,0.08,0.07
2022-08-19,dogecoin,0.08,0.0,9988654623.4,-712775618.1499996,599180369.91,-388716262.22,0.08,0.09,0.08
2022-08-23,dogecoin,0.07,0.0,9072607016.38,-182943205.460001,583158079.78,101615459.03999996,0.07,0.07,0.07
2022-08-27,dogecoin,0.06,-0.010000000000000009,8396098648.88,-800843829.3800001,566061466.26,85025301.24000001,0.07,0.07,0.06
2022-08-31,dogecoin,0.06,0.0,8196486024.81,-303252658.7199993,296887635.38,-7976930.899999976,0.06,0.06,0.06
2022-09-03,dogecoin,0.06,0.0,8167547569.17,-105088153.73999977,248591513.73,-54516605.140000015,0.06,0.06,0.06
2022-09-07,dogecoin,0.06,0.0,7855465844.09,-474612823.0799999,438778365.8,218806293.53,0.06,0.06,0.06
2022-09-11,dogecoin,0.06,0.0,8611009374.53,126016672.38000107,418794908.73,-55848899.0,0.06,0.06,0.06
2022-09-15,dogecoin,0.06,0.0,8109779592.93,189088504.25,357886370.81,-92112336.16000003,0.06,0.06,0.06
2022-09-19,dogecoin,0.06,0.0,7648384735.8,-612699035.5299997,250542351.12,44679267.25999999,0.06,0.06,0.06
2022-09-23,dogecoin,0.06,0.0,7928083166.01,308793814.82000065,235736292.5,-143738896.8,0.06,0.06,0.06
2022-09-27,dogecoin,0.06,0.0,8087678345.77,-29377220.209999084,302358419.18,-45810745.24000001,0.06,0.06,0.06
2022-09-30,dogecoin,0.06,0.0,8045086931.13,-16701605.239999771,213911928.03,-38591781.05000001,0.06,0.06,0.06
2022-10-03,dogecoin,0.06,0.0,7896588806.55,-160461454.4499998,190830664.59,-133200039.65,0.06,0.06,0.06
2022-10-07,dogecoin,0.06,0.0,8662110963.15,104962188.30999947,369415330.27,-181107735.44000006,0.06,0.07,0.06
2022-10-11,dogecoin,0.06,0.0,8133435179.64,-329184946.5199995,244030702.67,85137837.55999997,0.06,0.06,0.06
2022-10-15,dogecoin,0.06,0.0,7995514730.71,-137396752.42000008,231426625.23,-195499585.21,0.06,0.06,0.06
2022-10-19,dogecoin,0.06,0.0,8189804714.22,-17023445.64999962,222137012.41,50870889.21000001,0.06,0.06,0.06
2022-10-23,dogecoin,0.06,0.0,8161270902.72,45371061.57000065,163636240.12,-64073697.379999995,0.06,0.06,0.06
2022-10-27,dogecoin,0.07,0.010000000000000009,9890040388.88,1322392536.6999989,1460263300.23,978301086.29,0.06,0.07,0.06
2022-10-31,dogecoin,0.12,0.0,15958157659.05,-225164527.0,8902350482.95,-5032972775.529999,0.08,0.12,0.08
2022-11-03,dogecoin,0.13,-0.010000000000000009,17514475423.97,-1962284636.0900002,5667544978.04,-3507223593.330001,0.13,0.14,0.13
2022-11-07,dogecoin,0.11,-0.009999999999999995,15624594032.09,-1404542063.6100006,1567432194.99,-748950483.2,0.12,0.13,0.11
2022-11-11,dogecoin,0.09,0.01999999999999999,12314147541.68,2096359937.4099998,3054987292.45,-232355948.71000004,0.11,0.11,0.07
2022-11-15,dogecoin,0.09,0.0,11883386302.53,192157791.17000008,1535609620.19,316944120.45000005,0.09,0.09,0.09
2022-11-19,dogecoin,0.08,0.0,11642131298.74,5602241.069999695,445190439.14,-148653540.69000006,0.09,0.09,0.08
2022-11-23,dogecoin,0.08,0.0,10809596873.38,538344641.7099991,716889521.06,-146295340.3900001,0.08,0.08,0.08
2022-11-27,dogecoin,0.09,0.0,12245454607.3,-104507728.30000114,1181965804.94,-222703973.52999997,0.08,0.09,0.08
2022-11-30,dogecoin,0.1,0.0,14052919227.45,990118123.8100014,1853186882.39,-79001653.91999984,0.1,0.1,0.1
2022-12-03,dogecoin,0.1,0.0,14073191533.63,85105723.26999855,1044631390.31,-207530728.3800001,0.11,0.11,0.1
2022-12-07,dogecoin,0.1,0.0,13761039628.28,-217982497.25,745835660.15,-658352878.07,0.1,0.1,0.1
2022-12-11,dogecoin,0.1,0.0,13219648676.06,-86272309.12000084,310835329.36,-259033581.23000002,0.1,0.1,0.1
2022-12-15,dogecoin,0.09,0.0,12154305342.6,-344718105.12999916,720250506.0,-269990304.90999997,0.09,0.09,0.09
2022-12-19,dogecoin,0.08,0.0,10851056655.96,-56261394.74000168,343265209.94,-335207117.71,0.08,0.08,0.08
2022-12-23,dogecoin,0.08,0.009999999999999995,10594647210.42,468058013.12999916,760263580.04,293946459.14,0.07,0.08,0.07
2022-12-27,dogecoin,0.08,0.0,10392907088.31,-43544460.1400013,331696408.85,-206225323.56999993,0.08,0.08,0.08
2022-12-31,dogecoin,0.07,0.0,9407880206.19,-374660912.37999916,544951268.78,176521180.72999996,0.07,0.07,0.07
2023-01-03,dogecoin,0.07,0.0,9837024174.33,194481769.3600006,494743006.27,255937726.89,0.07,0.07,0.07
2023-01-07,dogecoin,0.07,0.0,9990718873.37,147903571.3600006,417136864.93,-136857419.07999998,0.07,0.07,0.07
2023-01-11,dogecoin,0.08,0.0,10669415549.95,208490102.73000145,674692124.96,-449286108.6199999,0.07,0.08,0.07
2023-01-15,dogecoin,0.09,0.009999999999999995,12068323856.61,445021233.95000076,1496087121.98,700853689.11,0.08,0.09,0.08
2023-01-19,dogecoin,0.08,0.0,11067619777.91,-381650802.2800007,1370974712.9,910606797.72,0.09,0.09,0.08
2023-01-23,dogecoin,0.09,0.009999999999999995,12177828761.44,511200624.88000107,1036054578.54,106414108.70999992,0.08,0.09,0.08
2023-01-27,dogecoin,0.09,0.0,11936535128.53,-46864447.72999954,563562892.21,-124522317.75999999,0.09,0.09,0.08
2023-01-31,dogecoin,0.09,0.0,12117040176.65,-339025515.44000053,1105547968.23,465629762.78999996,0.09,0.09,0.09
2023-02-03,dogecoin,0.09,0.0,12612886676.81,-413421472.25,1050643813.89,-505111908.84000003,0.1,0.1,0.09
2023-02-07,dogecoin,0.09,0.0,12372298654.42,-376961172.6100006,625954709.23,-414274136.96000004,0.09,0.1,0.09
2023-02-11,dogecoin,0.08,0.0,11233854726.77,-41715799.819999695,678395607.52,-363642576.53,0.09,0.09,0.08
2023-02-15,dogecoin,0.08,0.0,11574352108.3,189770443.039999,546678835.75,-480316273.11,0.08,0.08,0.08
2023-02-19,dogecoin,0.09,0.0,12300072194.29,167421768.210001,528974060.97,-35862357.850000024,0.09,0.09,0.09
2023-02-23,dogecoin,0.09,0.0,11851834270.19,64513110.8900013,1022368371.16,381403619.41999996,0.09,0.09,0.09
2023-02-27,dogecoin,0.08,0.0,11380915237.7,210173682.73000145,333273163.55,-86854810.83999997,0.08,0.08,0.08
2023-02-28,dogecoin,0.08,0.0,11268832305.15,-112082932.55000114,353862833.58,20589670.02999997,0.08,0.08,0.08
2023-03-07,dogecoin,0.08,0.009999999999999995,10386575436.27,17905602.96000099,327375362.49,72426655.49000001,0.08,0.08,0.07
2023-03-11,dogecoin,0.07,0.0,9157983427.35,7693947.739999771,578747651.28,-65050081.26999998,0.07,0.07,0.07
2023-03-15,dogecoin,0.08,0.009999999999999995,10390264479.43,254670458.39999962,779326464.65,127984246.29999995,0.07,0.08,0.07
2023-03-19,dogecoin,0.07,-0.009999999999999995,10173655193.82,-452649617.9300003,671540817.36,22930706.370000005,0.07,0.08,0.07
2023-03-23,dogecoin,0.07,-0.009999999999999995,10333565114.41,-383047016.62000084,935108133.4,245928754.20999992,0.08,0.08,0.07
2023-03-27,dogecoin,0.07,0.0,10370382624.14,14620806.13999939,373620184.38,-63774348.54000002,0.08,0.08,0.07
2023-03-31,dogecoin,0.07,-0.009999999999999995,10332262482.18,-179997199.39999962,461942047.47,-70461412.32,0.07,0.08,0.07
2023-04-03,dogecoin,0.08,0.0,11000084349.53,-367722898.9299984,1141871237.68,182435043.44000006,0.08,0.08,0.08
2023-04-07,dogecoin,0.09,0.0,11885393610.29,-1097946193.1799984,1719378593.46,-161262498.3699999,0.1,0.1,0.09
2023-04-11,dogecoin,0.08,0.0,11810686440.25,242301087.48999977,751797849.73,10148398.690000057,0.08,0.08,0.08
2023-04-15,dogecoin,0.09,0.0,12328502858.23,151998774.87999916,1256516774.63,192849578.5200001,0.08,0.09,0.08
2023-04-19,dogecoin,0.09,0.0,13069406649.57,357325961.37999916,1070666858.14,-491212031.36,0.09,0.09,0.09
2023-04-23,dogecoin,0.08,0.0,11209722551.76,298876887.19000053,423816917.98,-537606015.01,0.09,0.09,0.08
2023-04-27,dogecoin,0.08,0.0,10928733830.71,-177323120.6800003,844275416.17,476147885.78999996,0.08,0.08,0.08
2023-04-30,dogecoin,0.08,0.0,11348765554.51,158324490.9699993,321564006.36,21437583.689999998,0.08,0.08,0.08
2023-05-03,dogecoin,0.08,0.0,10974896784.14,3200364.180000305,272609633.91,-114327364.72999996,0.08,0.08,0.08
2023-05-07,dogecoin,0.08,0.0,10694423821.11,-481226657.5699997,459186549.87,16776504.850000024,0.08,0.08,0.08
2023-05-11,dogecoin,0.07,0.0,10217049731.06,24041843.87999916,478420990.41,99275685.35000002,0.08,0.08,0.07
2023-05-15,dogecoin,0.07,0.0,10050043128.68,7888332.329999924,178745622.99,-25628910.439999998,0.07,0.07,0.07
2023-05-19,dogecoin,0.07,0.0,10279648682.12,-177288336.30999947,386800488.82,-21373911.900000036,0.07,0.07,0.07
2023-05-23,dogecoin,0.07,0.0,10195431084.94,116229750.72000122,273561863.75,88145204.97,0.07,0.07,0.07
2023-05-27,dogecoin,0.07,0.0,9919451349.82,32621458.37999916,190128438.93,-88224547.96999997,0.07,0.07,0.07
2023-05-31,dogecoin,0.07,0.0,10108554336.12,-74865881.11999893,318670764.44,113943811.35999998,0.07,0.07,0.07
2023-06-03,dogecoin,0.07,0.0,10139465318.77,148099864.39999962,227264546.38,15145550.180000007,0.07,0.07,0.07
2023-06-07,dogecoin,0.07,0.0,9831090057.91,494044549.20000076,594457278.96,-64199216.56999993,0.07,0.07,0.07
2023-06-11,dogecoin,0.06,-0.010000000000000009,8669344083.68,-1064824528.3400002,1237091630.1,868877685.05,0.07,0.07,0.06
2023-06-15,dogecoin,0.06,0.0,8455438988.15,-174123901.75,323961646.66,59407700.47000003,0.06,0.06,0.06
2023-06-19,dogecoin,0.06,0.0,8692674732.22,-12250475.010000229,304748783.41,108000184.73000002,0.06,0.06,0.06
2023-06-23,dogecoin,0.07,0.0,9199945792.11,-4487765.090000153,467511595.93,57145261.629999995,0.06,0.07,0.06
2023-06-27,dogecoin,0.06,-0.010000000000000009,9045451054.86,-298026481.6899986,288338311.49,92146338.82000002,0.07,0.07,0.06
2023-06-30,dogecoin,0.06,0.0,8888670976.84,124633279.88000107,216415430.19,-77480674.13,0.07,0.07,0.06
2023-07-03,dogecoin,0.07,0.0,9511230961.14,-59442751.0,433381418.92,-145428775.28000003,0.07,0.07,0.07
2023-07-07,dogecoin,0.07,0.0,9142434055.6,-248593424.69999886,283315471.97,-30923312.139999986,0.07,0.07,0.07
2023-07-11,dogecoin,0.07,0.0,9130930488.97,-25480623.829999924,276390972.07,126731715.32,0.07,0.07,0.07
2023-07-15,dogecoin,0.07,0.0,9581089176.66,-276698583.04999924,694024160.26,-83437373.88,0.07,0.07,0.07
2023-07-19,dogecoin,0.07,0.0,9612362018.77,-195511262.62999916,309741946.66,-211145491.70999998,0.07,0.07,0.07
2023-07-23,dogecoin,0.07,0.0,9875425660.83,-413035641.37999916,445894289.22,-502610777.89,0.07,0.07,0.07
2023-07-27,dogecoin,0.08,0.0,10938851177.18,-528913197.11999893,1047480835.97,-728999279.0799999,0.07,0.08,0.07
2023-07-31,dogecoin,0.08,0.0,10969575181.05,-297311353.4000015,521442769.92,-49760134.599999964,0.08,0.08,0.08
2023-08-03,dogecoin,0.07,-0.009999999999999995,10419601111.72,-505963401.0799999,437878805.33,-13509344.199999988,0.08,0.08,0.07
2023-08-07,dogecoin,0.07,-0.009999999999999995,10417875379.23,-197640328.38000107,369057587.5,-169976252.26999998,0.07,0.08,0.07
2023-08-11,dogecoin,0.08,0.0,10641945541.16,45171153.47999954,399366004.77,29617850.28999996,0.07,0.08,0.07
2023-08-15,dogecoin,0.07,0.0,10515116058.05,11161855.259998322,433958600.07,108427769.24000001,0.08,0.08,0.07
2023-08-19,dogecoin,0.06,0.0,8883843143.31,293138254.3999996,586152864.13,-289260139.40999997,0.07,0.07,0.06
